BEGIN;

-- Insert Categories

INSERT INTO categories (id, name, description, created_at) VALUES ('cat-0', 'Electronics', 'Electronics related products', '2025-04-09T09:15:48.022600');
INSERT INTO categories (id, name, description, created_at) VALUES ('cat-1', 'Furniture', 'Furniture related products', '2025-04-09T09:15:48.022600');
INSERT INTO categories (id, name, description, created_at) VALUES ('cat-2', 'Books', 'Books related products', '2025-04-09T09:15:48.022600');
INSERT INTO categories (id, name, description, created_at) VALUES ('cat-3', 'Groceries', 'Groceries related products', '2025-04-09T09:15:48.022600');
INSERT INTO categories (id, name, description, created_at) VALUES ('cat-4', 'Clothing', 'Clothing related products', '2025-04-09T09:15:48.022600');

-- Insert Suppliers

INSERT INTO suppliers (id, name, email, phone, address, created_at, status, reliability_score, avg_lead_time, last_order_date, on_time_delivery_rate, contact_person) VALUES ('sup-0', 'Supplier 0', 'supplier0@example.com', '+1234567800', 'Address 0', '2025-04-09T09:15:48.022600', 'new', 97.0, 14, NULL, 0.74, 'Contact 0');
INSERT INTO suppliers (id, name, email, phone, address, created_at, status, reliability_score, avg_lead_time, last_order_date, on_time_delivery_rate, contact_person) VALUES ('sup-1', 'Supplier 1', 'supplier1@example.com', '+1234567801', 'Address 1', '2025-04-09T09:15:48.022600', 'inactive', 71.14, 3, NULL, 0.63, 'Contact 1');
INSERT INTO suppliers (id, name, email, phone, address, created_at, status, reliability_score, avg_lead_time, last_order_date, on_time_delivery_rate, contact_person) VALUES ('sup-2', 'Supplier 2', 'supplier2@example.com', '+1234567802', 'Address 2', '2025-04-09T09:15:48.022600', 'inactive', 82.93, 11, NULL, 0.57, 'Contact 2');
INSERT INTO suppliers (id, name, email, phone, address, created_at, status, reliability_score, avg_lead_time, last_order_date, on_time_delivery_rate, contact_person) VALUES ('sup-3', 'Supplier 3', 'supplier3@example.com', '+1234567803', 'Address 3', '2025-04-09T09:15:48.022600', 'new', 91.64, 3, NULL, 0.51, 'Contact 3');
INSERT INTO suppliers (id, name, email, phone, address, created_at, status, reliability_score, avg_lead_time, last_order_date, on_time_delivery_rate, contact_person) VALUES ('sup-4', 'Supplier 4', 'supplier4@example.com', '+1234567804', 'Address 4', '2025-04-09T09:15:48.022600', 'active', 90.24, 7, NULL, 0.56, 'Contact 4');
INSERT INTO suppliers (id, name, email, phone, address, created_at, status, reliability_score, avg_lead_time, last_order_date, on_time_delivery_rate, contact_person) VALUES ('sup-5', 'Supplier 5', 'supplier5@example.com', '+1234567805', 'Address 5', '2025-04-09T09:15:48.022600', 'on-hold', 92.05, 9, NULL, 0.54, 'Contact 5');
INSERT INTO suppliers (id, name, email, phone, address, created_at, status, reliability_score, avg_lead_time, last_order_date, on_time_delivery_rate, contact_person) VALUES ('sup-6', 'Supplier 6', 'supplier6@example.com', '+1234567806', 'Address 6', '2025-04-09T09:15:48.022600', 'new', 98.83, 13, NULL, 0.69, 'Contact 6');
INSERT INTO suppliers (id, name, email, phone, address, created_at, status, reliability_score, avg_lead_time, last_order_date, on_time_delivery_rate, contact_person) VALUES ('sup-7', 'Supplier 7', 'supplier7@example.com', '+1234567807', 'Address 7', '2025-04-09T09:15:48.022600', 'active', 77.71, 11, NULL, 0.81, 'Contact 7');
INSERT INTO suppliers (id, name, email, phone, address, created_at, status, reliability_score, avg_lead_time, last_order_date, on_time_delivery_rate, contact_person) VALUES ('sup-8', 'Supplier 8', 'supplier8@example.com', '+1234567808', 'Address 8', '2025-04-09T09:15:48.022600', 'inactive', 79.18, 6, NULL, 0.84, 'Contact 8');
INSERT INTO suppliers (id, name, email, phone, address, created_at, status, reliability_score, avg_lead_time, last_order_date, on_time_delivery_rate, contact_person) VALUES ('sup-9', 'Supplier 9', 'supplier9@example.com', '+1234567809', 'Address 9', '2025-04-09T09:15:48.022600', 'inactive', 75.04, 5, NULL, 0.99, 'Contact 9');

-- Insert Products

INSERT INTO products (id, name, SKU, description, price, quantity, low_stock_threshold, category_id, supplier_id, created_at) VALUES ('prod-0', 'Product 0', 'SKU-1000', 'Description for product 0', 604.08, 20, 18, 'cat-3', 'sup-4', '2025-04-09T09:15:48.022600');
INSERT INTO products (id, name, SKU, description, price, quantity, low_stock_threshold, category_id, supplier_id, created_at) VALUES ('prod-1', 'Product 1', 'SKU-1001', 'Description for product 1', 825.39, 154, 9, 'cat-2', 'sup-5', '2025-04-09T09:15:48.022600');
INSERT INTO products (id, name, SKU, description, price, quantity, low_stock_threshold, category_id, supplier_id, created_at) VALUES ('prod-2', 'Product 2', 'SKU-1002', 'Description for product 2', 999.47, 164, 18, 'cat-4', 'sup-0', '2025-04-09T09:15:48.022600');
INSERT INTO products (id, name, SKU, description, price, quantity, low_stock_threshold, category_id, supplier_id, created_at) VALUES ('prod-3', 'Product 3', 'SKU-1003', 'Description for product 3', 265.74, 15, 16, 'cat-4', 'sup-5', '2025-04-09T09:15:48.022600');
INSERT INTO products (id, name, SKU, description, price, quantity, low_stock_threshold, category_id, supplier_id, created_at) VALUES ('prod-4', 'Product 4', 'SKU-1004', 'Description for product 4', 475.23, 16, 12, 'cat-4', 'sup-9', '2025-04-09T09:15:48.022600');
INSERT INTO products (id, name, SKU, description, price, quantity, low_stock_threshold, category_id, supplier_id, created_at) VALUES ('prod-5', 'Product 5', 'SKU-1005', 'Description for product 5', 683.89, 20, 20, 'cat-0', 'sup-3', '2025-04-09T09:15:48.022600');
INSERT INTO products (id, name, SKU, description, price, quantity, low_stock_threshold, category_id, supplier_id, created_at) VALUES ('prod-6', 'Product 6', 'SKU-1006', 'Description for product 6', 185.25, 37, 16, 'cat-1', 'sup-6', '2025-04-09T09:15:48.022600');
INSERT INTO products (id, name, SKU, description, price, quantity, low_stock_threshold, category_id, supplier_id, created_at) VALUES ('prod-7', 'Product 7', 'SKU-1007', 'Description for product 7', 462.62, 44, 9, 'cat-2', 'sup-4', '2025-04-09T09:15:48.022600');
INSERT INTO products (id, name, SKU, description, price, quantity, low_stock_threshold, category_id, supplier_id, created_at) VALUES ('prod-8', 'Product 8', 'SKU-1008', 'Description for product 8', 356.16, 17, 7, 'cat-3', 'sup-1', '2025-04-09T09:15:48.022600');
INSERT INTO products (id, name, SKU, description, price, quantity, low_stock_threshold, category_id, supplier_id, created_at) VALUES ('prod-9', 'Product 9', 'SKU-1009', 'Description for product 9', 398.24, 32, 20, 'cat-3', 'sup-5', '2025-04-09T09:15:48.022600');
INSERT INTO products (id, name, SKU, description, price, quantity, low_stock_threshold, category_id, supplier_id, created_at) VALUES ('prod-10', 'Product 10', 'SKU-1010', 'Description for product 10', 390.23, 138, 15, 'cat-3', 'sup-0', '2025-04-09T09:15:48.022600');
INSERT INTO products (id, name, SKU, description, price, quantity, low_stock_threshold, category_id, supplier_id, created_at) VALUES ('prod-11', 'Product 11', 'SKU-1011', 'Description for product 11', 942.82, 31, 7, 'cat-1', 'sup-9', '2025-04-09T09:15:48.022600');
INSERT INTO products (id, name, SKU, description, price, quantity, low_stock_threshold, category_id, supplier_id, created_at) VALUES ('prod-12', 'Product 12', 'SKU-1012', 'Description for product 12', 989.93, 130, 12, 'cat-2', 'sup-0', '2025-04-09T09:15:48.022600');
INSERT INTO products (id, name, SKU, description, price, quantity, low_stock_threshold, category_id, supplier_id, created_at) VALUES ('prod-13', 'Product 13', 'SKU-1013', 'Description for product 13', 856.23, 14, 16, 'cat-1', 'sup-1', '2025-04-09T09:15:48.022600');
INSERT INTO products (id, name, SKU, description, price, quantity, low_stock_threshold, category_id, supplier_id, created_at) VALUES ('prod-14', 'Product 14', 'SKU-1014', 'Description for product 14', 143.63, 47, 16, 'cat-1', 'sup-1', '2025-04-09T09:15:48.022600');
INSERT INTO products (id, name, SKU, description, price, quantity, low_stock_threshold, category_id, supplier_id, created_at) VALUES ('prod-15', 'Product 15', 'SKU-1015', 'Description for product 15', 533.99, 19, 11, 'cat-0', 'sup-0', '2025-04-09T09:15:48.022600');
INSERT INTO products (id, name, SKU, description, price, quantity, low_stock_threshold, category_id, supplier_id, created_at) VALUES ('prod-16', 'Product 16', 'SKU-1016', 'Description for product 16', 529.06, 63, 14, 'cat-4', 'sup-1', '2025-04-09T09:15:48.022600');
INSERT INTO products (id, name, SKU, description, price, quantity, low_stock_threshold, category_id, supplier_id, created_at) VALUES ('prod-17', 'Product 17', 'SKU-1017', 'Description for product 17', 822.94, 177, 19, 'cat-1', 'sup-3', '2025-04-09T09:15:48.022600');
INSERT INTO products (id, name, SKU, description, price, quantity, low_stock_threshold, category_id, supplier_id, created_at) VALUES ('prod-18', 'Product 18', 'SKU-1018', 'Description for product 18', 605.97, 45, 15, 'cat-2', 'sup-8', '2025-04-09T09:15:48.022600');
INSERT INTO products (id, name, SKU, description, price, quantity, low_stock_threshold, category_id, supplier_id, created_at) VALUES ('prod-19', 'Product 19', 'SKU-1019', 'Description for product 19', 825.56, 74, 16, 'cat-3', 'sup-4', '2025-04-09T09:15:48.022600');

-- Insert Orders

INSERT INTO orders (id, supplier_id, product_id, quantity, status, created_at, updated_at, order_number, total) VALUES ('8b5f3f72-dace-4a89-bc8b-f2ecca3f0cbc', 'sup-4', 'prod-19', 1, 'processing', '2024-05-04T09:15:48.022600', '2024-05-10T09:15:48.022600', 'ORD-98422', 1467.59);
INSERT INTO orders (id, supplier_id, product_id, quantity, status, created_at, updated_at, order_number, total) VALUES ('06623cff-dc00-4631-a60b-9bdc4df7f8e6', 'sup-5', 'prod-3', 4, 'shipped', '2024-04-27T09:15:48.022600', '2024-04-30T09:15:48.022600', 'ORD-91658', 552.94);
INSERT INTO orders (id, supplier_id, product_id, quantity, status, created_at, updated_at, order_number, total) VALUES ('e0a6e3e9-b144-4923-bc6b-dfc546197c25', 'sup-5', 'prod-1', 2, 'processing', '2024-05-03T09:15:48.022600', '2024-05-09T09:15:48.022600', 'ORD-85558', 624.77);
INSERT INTO orders (id, supplier_id, product_id, quantity, status, created_at, updated_at, order_number, total) VALUES ('e90f6a08-7f42-4e4b-98f4-7d583558d067', 'sup-0', 'prod-10', 3, 'cancelled', '2024-04-20T09:15:48.022600', '2024-04-23T09:15:48.022600', 'ORD-98346', 1011.34);
INSERT INTO orders (id, supplier_id, product_id, quantity, status, created_at, updated_at, order_number, total) VALUES ('f10974ab-0ca6-4bed-87fe-d85fc046eb11', 'sup-3', 'prod-17', 2, 'pending', '2024-04-26T09:15:48.022600', '2024-05-04T09:15:48.022600', 'ORD-20593', 1419.82);
INSERT INTO orders (id, supplier_id, product_id, quantity, status, created_at, updated_at, order_number, total) VALUES ('9e9de57a-775a-4757-837f-d09189ba4f22', 'sup-3', 'prod-17', 5, 'processing', '2024-05-07T09:15:48.022600', '2024-05-13T09:15:48.022600', 'ORD-84761', 935.77);
INSERT INTO orders (id, supplier_id, product_id, quantity, status, created_at, updated_at, order_number, total) VALUES ('498777a6-d871-4a0c-b7a8-6e0a45527f0a', 'sup-0', 'prod-10', 5, 'shipped', '2024-04-21T09:15:48.022600', '2024-04-30T09:15:48.022600', 'ORD-32167', 1296.68);
INSERT INTO orders (id, supplier_id, product_id, quantity, status, created_at, updated_at, order_number, total) VALUES ('4d8eed53-0e76-4bae-9b74-e4ede1c9d927', 'sup-0', 'prod-15', 3, 'shipped', '2024-04-25T09:15:48.022600', '2024-04-27T09:15:48.022600', 'ORD-67142', 1946.5);
INSERT INTO orders (id, supplier_id, product_id, quantity, status, created_at, updated_at, order_number, total) VALUES ('979e9155-56f6-4982-b9e7-ed1211cba0ba', 'sup-3', 'prod-5', 4, 'completed', '2024-04-14T09:15:48.022600', '2024-04-23T09:15:48.022600', 'ORD-73535', 955.13);
INSERT INTO orders (id, supplier_id, product_id, quantity, status, created_at, updated_at, order_number, total) VALUES ('e61ff9da-e2de-4526-8175-2b304a083587', 'sup-3', 'prod-5', 4, 'completed', '2024-04-22T09:15:48.022600', '2024-04-25T09:15:48.022600', 'ORD-25939', 328.11);
INSERT INTO orders (id, supplier_id, product_id, quantity, status, created_at, updated_at, order_number, total) VALUES ('608017b9-eb0b-41c4-8a08-9ac63c1b5686', 'sup-1', 'prod-13', 5, 'shipped', '2024-04-22T09:15:48.022600', '2024-04-25T09:15:48.022600', 'ORD-35065', 931.91);
INSERT INTO orders (id, supplier_id, product_id, quantity, status, created_at, updated_at, order_number, total) VALUES ('f4d8c6be-5d5e-496a-b01c-98f38139bd37', 'sup-5', 'prod-9', 2, 'completed', '2024-04-18T09:15:48.022600', '2024-04-26T09:15:48.022600', 'ORD-79172', 1941.7);
INSERT INTO orders (id, supplier_id, product_id, quantity, status, created_at, updated_at, order_number, total) VALUES ('00dc07c5-c487-406b-a56c-a6cadfee910d', 'sup-0', 'prod-15', 5, 'pending', '2024-04-24T09:15:48.022600', '2024-04-30T09:15:48.022600', 'ORD-99728', 1361.34);
INSERT INTO orders (id, supplier_id, product_id, quantity, status, created_at, updated_at, order_number, total) VALUES ('46d6de75-f8d6-428e-82c2-6e28a0d84c26', 'sup-8', 'prod-18', 4, 'cancelled', '2024-04-15T09:15:48.022600', '2024-04-17T09:15:48.022600', 'ORD-70014', 451.16);
INSERT INTO orders (id, supplier_id, product_id, quantity, status, created_at, updated_at, order_number, total) VALUES ('e348e7bb-c32f-42ef-aff0-5fa03e614b1b', 'sup-1', 'prod-14', 2, 'processing', '2024-04-10T09:15:48.022600', '2024-04-12T09:15:48.022600', 'ORD-21597', 1992.35);
INSERT INTO orders (id, supplier_id, product_id, quantity, status, created_at, updated_at, order_number, total) VALUES ('d50c7077-7f85-4a1c-8d89-35988ad69aa0', 'sup-9', 'prod-4', 5, 'processing', '2024-04-30T09:15:48.022600', '2024-05-09T09:15:48.022600', 'ORD-48009', 1499.52);
INSERT INTO orders (id, supplier_id, product_id, quantity, status, created_at, updated_at, order_number, total) VALUES ('95fed8ee-4617-4cb5-a764-a403ed6dc360', 'sup-3', 'prod-17', 3, 'shipped', '2024-04-14T09:15:48.022600', '2024-04-24T09:15:48.022600', 'ORD-79855', 1125.17);
INSERT INTO orders (id, supplier_id, product_id, quantity, status, created_at, updated_at, order_number, total) VALUES ('cbc3515b-7923-4aa2-9ebb-76face52fd90', 'sup-0', 'prod-15', 5, 'shipped', '2024-04-14T09:15:48.022600', '2024-04-20T09:15:48.022600', 'ORD-15724', 1475.83);
INSERT INTO orders (id, supplier_id, product_id, quantity, status, created_at, updated_at, order_number, total) VALUES ('c55b7e85-5a57-498d-80af-cd5fb32c1492', 'sup-0', 'prod-15', 3, 'pending', '2024-04-28T09:15:48.022600', '2024-05-07T09:15:48.022600', 'ORD-98540', 1377.68);
INSERT INTO orders (id, supplier_id, product_id, quantity, status, created_at, updated_at, order_number, total) VALUES ('967db46e-b5b6-4b47-930a-f9d79e51cf5f', 'sup-9', 'prod-11', 2, 'cancelled', '2024-04-19T09:15:48.022600', '2024-04-28T09:15:48.022600', 'ORD-57372', 458.3);
INSERT INTO orders (id, supplier_id, product_id, quantity, status, created_at, updated_at, order_number, total) VALUES ('836cc3a8-d586-4f71-ad98-68c172a7bc08', 'sup-0', 'prod-12', 3, 'pending', '2024-04-16T09:15:48.022600', '2024-04-22T09:15:48.022600', 'ORD-18674', 1374.32);
INSERT INTO orders (id, supplier_id, product_id, quantity, status, created_at, updated_at, order_number, total) VALUES ('59d70df6-ac2d-4eed-a3ec-60354f19a7a0', 'sup-6', 'prod-6', 3, 'cancelled', '2024-04-17T09:15:48.022600', '2024-04-27T09:15:48.022600', 'ORD-88201', 1749.48);
INSERT INTO orders (id, supplier_id, product_id, quantity, status, created_at, updated_at, order_number, total) VALUES ('63f914ec-1d8a-40ed-9e65-5058b551c41f', 'sup-4', 'prod-0', 3, 'cancelled', '2024-04-26T09:15:48.022600', '2024-05-04T09:15:48.022600', 'ORD-81824', 412.86);
INSERT INTO orders (id, supplier_id, product_id, quantity, status, created_at, updated_at, order_number, total) VALUES ('4d1315a4-6dac-47ca-9677-71f79ccc4f6c', 'sup-5', 'prod-1', 4, 'completed', '2024-05-07T09:15:48.022600', '2024-05-16T09:15:48.022600', 'ORD-28338', 1650.04);
INSERT INTO orders (id, supplier_id, product_id, quantity, status, created_at, updated_at, order_number, total) VALUES ('47fa4785-afe0-4d76-b094-90a503c57404', 'sup-0', 'prod-12', 5, 'shipped', '2024-04-17T09:15:48.022600', '2024-04-23T09:15:48.022600', 'ORD-13562', 803.46);
INSERT INTO orders (id, supplier_id, product_id, quantity, status, created_at, updated_at, order_number, total) VALUES ('8f1f6a51-ba9c-42f3-8353-88bb5d7f49b7', 'sup-1', 'prod-16', 3, 'cancelled', '2024-04-28T09:15:48.022600', '2024-05-08T09:15:48.022600', 'ORD-48404', 1344.9);
INSERT INTO orders (id, supplier_id, product_id, quantity, status, created_at, updated_at, order_number, total) VALUES ('b6ac9eac-f9ff-4b9a-a203-5a073aa2f670', 'sup-5', 'prod-9', 5, 'shipped', '2024-04-14T09:15:48.022600', '2024-04-19T09:15:48.022600', 'ORD-96810', 1966.09);
INSERT INTO orders (id, supplier_id, product_id, quantity, status, created_at, updated_at, order_number, total) VALUES ('1bf75d95-fb94-4227-98df-00de9b9faf0a', 'sup-0', 'prod-2', 4, 'processing', '2024-04-10T09:15:48.022600', '2024-04-12T09:15:48.022600', 'ORD-10995', 401.75);
INSERT INTO orders (id, supplier_id, product_id, quantity, status, created_at, updated_at, order_number, total) VALUES ('f51d4f84-6642-4185-be97-912b933641fe', 'sup-5', 'prod-9', 3, 'completed', '2024-04-21T09:15:48.022600', '2024-04-25T09:15:48.022600', 'ORD-18155', 1415.25);
INSERT INTO orders (id, supplier_id, product_id, quantity, status, created_at, updated_at, order_number, total) VALUES ('097ebece-5230-409f-a677-3003c8dcf2e8', 'sup-5', 'prod-9', 5, 'pending', '2024-05-05T09:15:48.022600', '2024-05-15T09:15:48.022600', 'ORD-30774', 1330.22);
INSERT INTO orders (id, supplier_id, product_id, quantity, status, created_at, updated_at, order_number, total) VALUES ('a7a694b8-b016-4faf-bcc7-9a1d66c38a47', 'sup-9', 'prod-11', 5, 'pending', '2024-05-18T09:15:48.022600', '2024-05-21T09:15:48.022600', 'ORD-23525', 1462.71);
INSERT INTO orders (id, supplier_id, product_id, quantity, status, created_at, updated_at, order_number, total) VALUES ('41c1731a-5900-47ee-96cd-95f4c7817f9f', 'sup-1', 'prod-16', 3, 'completed', '2024-06-04T09:15:48.022600', '2024-06-09T09:15:48.022600', 'ORD-43664', 857.27);
INSERT INTO orders (id, supplier_id, product_id, quantity, status, created_at, updated_at, order_number, total) VALUES ('80273622-d992-4a99-ba55-b97fa3f12e21', 'sup-0', 'prod-12', 2, 'shipped', '2024-05-11T09:15:48.022600', '2024-05-13T09:15:48.022600', 'ORD-67093', 965.56);
INSERT INTO orders (id, supplier_id, product_id, quantity, status, created_at, updated_at, order_number, total) VALUES ('51cc12ec-151e-4e12-b84d-0ecf47b042bd', 'sup-0', 'prod-15', 3, 'shipped', '2024-06-07T09:15:48.022600', '2024-06-15T09:15:48.022600', 'ORD-96820', 1701.77);
INSERT INTO orders (id, supplier_id, product_id, quantity, status, created_at, updated_at, order_number, total) VALUES ('4a39de1c-3ad4-47ea-8b58-d1850bef775f', 'sup-9', 'prod-11', 3, 'pending', '2024-05-26T09:15:48.022600', '2024-06-04T09:15:48.022600', 'ORD-70337', 1818.98);
INSERT INTO orders (id, supplier_id, product_id, quantity, status, created_at, updated_at, order_number, total) VALUES ('da186a10-5a77-4da6-ab9a-cbad18ad32cc', 'sup-4', 'prod-19', 1, 'cancelled', '2024-05-19T09:15:48.022600', '2024-05-26T09:15:48.022600', 'ORD-81095', 103.91);
INSERT INTO orders (id, supplier_id, product_id, quantity, status, created_at, updated_at, order_number, total) VALUES ('92420492-1a53-4a2c-a859-1fdba13085c9', 'sup-3', 'prod-17', 4, 'shipped', '2024-05-22T09:15:48.022600', '2024-06-01T09:15:48.022600', 'ORD-78755', 627.14);
INSERT INTO orders (id, supplier_id, product_id, quantity, status, created_at, updated_at, order_number, total) VALUES ('d740f49c-aeaa-46af-bd7c-41b8dd9a31c0', 'sup-6', 'prod-6', 5, 'shipped', '2024-05-13T09:15:48.022600', '2024-05-19T09:15:48.022600', 'ORD-13327', 807.48);
INSERT INTO orders (id, supplier_id, product_id, quantity, status, created_at, updated_at, order_number, total) VALUES ('f48ef988-693e-4374-98b7-3377ccbb028c', 'sup-5', 'prod-9', 3, 'processing', '2024-05-24T09:15:48.022600', '2024-05-25T09:15:48.022600', 'ORD-77057', 724.87);
INSERT INTO orders (id, supplier_id, product_id, quantity, status, created_at, updated_at, order_number, total) VALUES ('c68e21e7-7529-45d0-a6ca-ac7de08c639d', 'sup-8', 'prod-18', 2, 'processing', '2024-05-18T09:15:48.022600', '2024-05-24T09:15:48.022600', 'ORD-91445', 168.21);
INSERT INTO orders (id, supplier_id, product_id, quantity, status, created_at, updated_at, order_number, total) VALUES ('5b3d6967-650b-4b84-b6fd-7265ca30ffce', 'sup-3', 'prod-5', 5, 'completed', '2024-05-24T09:15:48.022600', '2024-05-27T09:15:48.022600', 'ORD-10125', 1031.59);
INSERT INTO orders (id, supplier_id, product_id, quantity, status, created_at, updated_at, order_number, total) VALUES ('2fd29e99-8d55-4fcc-b3f5-7bae3aa8dcf9', 'sup-0', 'prod-2', 3, 'processing', '2024-05-19T09:15:48.022600', '2024-05-24T09:15:48.022600', 'ORD-81251', 989.6);
INSERT INTO orders (id, supplier_id, product_id, quantity, status, created_at, updated_at, order_number, total) VALUES ('3214027a-687b-4a1d-836b-255dfcb252f6', 'sup-8', 'prod-18', 4, 'cancelled', '2024-05-27T09:15:48.022600', '2024-06-03T09:15:48.022600', 'ORD-49708', 696.78);
INSERT INTO orders (id, supplier_id, product_id, quantity, status, created_at, updated_at, order_number, total) VALUES ('ab7b86d4-bd0d-4a0f-b7b5-508ae47dcccb', 'sup-1', 'prod-8', 1, 'shipped', '2024-05-26T09:15:48.022600', '2024-06-03T09:15:48.022600', 'ORD-97700', 807.85);
INSERT INTO orders (id, supplier_id, product_id, quantity, status, created_at, updated_at, order_number, total) VALUES ('bc014cae-07dd-4318-bc5c-a439c11d9eba', 'sup-0', 'prod-12', 4, 'pending', '2024-05-31T09:15:48.022600', '2024-06-08T09:15:48.022600', 'ORD-98183', 427.45);
INSERT INTO orders (id, supplier_id, product_id, quantity, status, created_at, updated_at, order_number, total) VALUES ('b3f20688-e903-41ea-b2aa-6357fbfc668d', 'sup-4', 'prod-7', 4, 'pending', '2024-05-22T09:15:48.022600', '2024-05-29T09:15:48.022600', 'ORD-48621', 772.75);
INSERT INTO orders (id, supplier_id, product_id, quantity, status, created_at, updated_at, order_number, total) VALUES ('ec59472d-21f1-4f15-84fe-c263438bb327', 'sup-0', 'prod-10', 3, 'shipped', '2024-05-17T09:15:48.022600', '2024-05-20T09:15:48.022600', 'ORD-97360', 1311.92);
INSERT INTO orders (id, supplier_id, product_id, quantity, status, created_at, updated_at, order_number, total) VALUES ('d1bc4810-0db9-4c34-afcd-6b6dd8227e64', 'sup-4', 'prod-19', 3, 'pending', '2024-05-20T09:15:48.022600', '2024-05-23T09:15:48.022600', 'ORD-99606', 1583.34);
INSERT INTO orders (id, supplier_id, product_id, quantity, status, created_at, updated_at, order_number, total) VALUES ('ac302257-b6ba-4c57-a2f6-ccce5d2db047', 'sup-6', 'prod-6', 5, 'processing', '2024-05-20T09:15:48.022600', '2024-05-25T09:15:48.022600', 'ORD-97195', 176.03);
INSERT INTO orders (id, supplier_id, product_id, quantity, status, created_at, updated_at, order_number, total) VALUES ('e5bed668-4427-4db3-ad4e-7c26442b3e37', 'sup-8', 'prod-18', 3, 'pending', '2024-05-24T09:15:48.022600', '2024-05-26T09:15:48.022600', 'ORD-53187', 1395.97);
INSERT INTO orders (id, supplier_id, product_id, quantity, status, created_at, updated_at, order_number, total) VALUES ('69dd9a5f-ee39-4c19-a71c-f8c3ceb64fdb', 'sup-1', 'prod-13', 4, 'completed', '2024-05-31T09:15:48.022600', '2024-06-07T09:15:48.022600', 'ORD-35435', 1405.52);
INSERT INTO orders (id, supplier_id, product_id, quantity, status, created_at, updated_at, order_number, total) VALUES ('7a756088-e486-43c7-8b4f-42e686a81336', 'sup-4', 'prod-0', 3, 'shipped', '2024-05-13T09:15:48.022600', '2024-05-15T09:15:48.022600', 'ORD-38516', 828.69);
INSERT INTO orders (id, supplier_id, product_id, quantity, status, created_at, updated_at, order_number, total) VALUES ('d361639c-22c5-4d9c-8e99-883feabe98af', 'sup-1', 'prod-8', 4, 'shipped', '2024-05-12T09:15:48.022600', '2024-05-20T09:15:48.022600', 'ORD-24695', 1288.97);
INSERT INTO orders (id, supplier_id, product_id, quantity, status, created_at, updated_at, order_number, total) VALUES ('3be176be-3e46-488b-8e4e-aa6010522fd5', 'sup-9', 'prod-4', 3, 'cancelled', '2024-05-12T09:15:48.022600', '2024-05-16T09:15:48.022600', 'ORD-22900', 1134.12);
INSERT INTO orders (id, supplier_id, product_id, quantity, status, created_at, updated_at, order_number, total) VALUES ('b1c6d0a0-dbda-4e73-93c2-1540462fb329', 'sup-4', 'prod-7', 3, 'pending', '2024-06-03T09:15:48.022600', '2024-06-05T09:15:48.022600', 'ORD-19134', 1910.16);
INSERT INTO orders (id, supplier_id, product_id, quantity, status, created_at, updated_at, order_number, total) VALUES ('d8511c0d-cca6-4a3f-ac3f-34eb830f8d20', 'sup-4', 'prod-19', 2, 'processing', '2024-05-29T09:15:48.022600', '2024-06-04T09:15:48.022600', 'ORD-74016', 216.01);
INSERT INTO orders (id, supplier_id, product_id, quantity, status, created_at, updated_at, order_number, total) VALUES ('30dc197e-5735-4e94-91c9-67178b504201', 'sup-4', 'prod-19', 4, 'cancelled', '2024-05-24T09:15:48.022600', '2024-05-26T09:15:48.022600', 'ORD-33047', 1744.16);
INSERT INTO orders (id, supplier_id, product_id, quantity, status, created_at, updated_at, order_number, total) VALUES ('f247e7e6-2a01-4f9d-ba9d-389218a76a1c', 'sup-5', 'prod-9', 3, 'pending', '2024-05-15T09:15:48.022600', '2024-05-16T09:15:48.022600', 'ORD-30360', 233.73);
INSERT INTO orders (id, supplier_id, product_id, quantity, status, created_at, updated_at, order_number, total) VALUES ('a38aa42c-c002-4096-9d70-ce1227cf4a00', 'sup-9', 'prod-4', 3, 'pending', '2024-06-01T09:15:48.022600', '2024-06-03T09:15:48.022600', 'ORD-89310', 389.51);
INSERT INTO orders (id, supplier_id, product_id, quantity, status, created_at, updated_at, order_number, total) VALUES ('4ed46b65-9651-4a33-987a-4375b9316158', 'sup-5', 'prod-3', 5, 'pending', '2024-05-30T09:15:48.022600', '2024-06-05T09:15:48.022600', 'ORD-72908', 227.71);
INSERT INTO orders (id, supplier_id, product_id, quantity, status, created_at, updated_at, order_number, total) VALUES ('bd14b36a-59e1-4250-aaa3-c858eb2c4cc7', 'sup-4', 'prod-0', 2, 'pending', '2024-06-08T09:15:48.022600', '2024-06-10T09:15:48.022600', 'ORD-81194', 1141.28);
INSERT INTO orders (id, supplier_id, product_id, quantity, status, created_at, updated_at, order_number, total) VALUES ('a5401ba7-3443-4e91-b0e7-3f8c845b448b', 'sup-0', 'prod-12', 1, 'shipped', '2024-06-17T09:15:48.022600', '2024-06-24T09:15:48.022600', 'ORD-96417', 562.11);
INSERT INTO orders (id, supplier_id, product_id, quantity, status, created_at, updated_at, order_number, total) VALUES ('4d2177fe-1444-4813-bec6-a26f549c04c1', 'sup-3', 'prod-17', 2, 'shipped', '2024-07-01T09:15:48.022600', '2024-07-02T09:15:48.022600', 'ORD-37266', 272.81);
INSERT INTO orders (id, supplier_id, product_id, quantity, status, created_at, updated_at, order_number, total) VALUES ('e357c1e5-82a0-46e0-a2d7-b33506952da8', 'sup-5', 'prod-3', 1, 'pending', '2024-06-15T09:15:48.022600', '2024-06-21T09:15:48.022600', 'ORD-83329', 1899.44);
INSERT INTO orders (id, supplier_id, product_id, quantity, status, created_at, updated_at, order_number, total) VALUES ('08a59538-c6c4-45b1-8ad6-cc7e80f5414d', 'sup-4', 'prod-7', 2, 'processing', '2024-07-03T09:15:48.022600', '2024-07-10T09:15:48.022600', 'ORD-14597', 905.97);
INSERT INTO orders (id, supplier_id, product_id, quantity, status, created_at, updated_at, order_number, total) VALUES ('7dc3b54a-2c00-444f-a893-4645a6ec70ac', 'sup-5', 'prod-3', 5, 'pending', '2024-06-24T09:15:48.022600', '2024-06-30T09:15:48.022600', 'ORD-34308', 449.7);
INSERT INTO orders (id, supplier_id, product_id, quantity, status, created_at, updated_at, order_number, total) VALUES ('3ad30ed6-a4bd-4080-a947-2437fa989ae6', 'sup-3', 'prod-5', 5, 'processing', '2024-06-10T09:15:48.022600', '2024-06-19T09:15:48.022600', 'ORD-63347', 838.78);
INSERT INTO orders (id, supplier_id, product_id, quantity, status, created_at, updated_at, order_number, total) VALUES ('cc68a1cb-c524-4338-8eb3-388652cd7425', 'sup-4', 'prod-0', 1, 'processing', '2024-06-16T09:15:48.022600', '2024-06-26T09:15:48.022600', 'ORD-38597', 1206.06);
INSERT INTO orders (id, supplier_id, product_id, quantity, status, created_at, updated_at, order_number, total) VALUES ('423eb46f-4e66-4085-a59f-53f223c4b0ba', 'sup-1', 'prod-14', 4, 'cancelled', '2024-06-20T09:15:48.022600', '2024-06-24T09:15:48.022600', 'ORD-22969', 1679.78);
INSERT INTO orders (id, supplier_id, product_id, quantity, status, created_at, updated_at, order_number, total) VALUES ('e2637b73-cec8-45a2-a952-b8f4bb2853e1', 'sup-6', 'prod-6', 5, 'completed', '2024-06-16T09:15:48.022600', '2024-06-24T09:15:48.022600', 'ORD-44749', 565.08);
INSERT INTO orders (id, supplier_id, product_id, quantity, status, created_at, updated_at, order_number, total) VALUES ('09651ee1-96be-4b59-b207-04e4d922c862', 'sup-9', 'prod-11', 4, 'cancelled', '2024-06-20T09:15:48.022600', '2024-06-26T09:15:48.022600', 'ORD-60512', 1124.51);
INSERT INTO orders (id, supplier_id, product_id, quantity, status, created_at, updated_at, order_number, total) VALUES ('b987bef5-cb61-4d6b-9077-9681d5f3eee9', 'sup-4', 'prod-19', 1, 'completed', '2024-06-29T09:15:48.022600', '2024-07-04T09:15:48.022600', 'ORD-61864', 1898.84);
INSERT INTO orders (id, supplier_id, product_id, quantity, status, created_at, updated_at, order_number, total) VALUES ('9590999f-fbcf-4c87-ac3a-bd8c71e9fa28', 'sup-0', 'prod-15', 3, 'cancelled', '2024-06-27T09:15:48.022600', '2024-07-05T09:15:48.022600', 'ORD-36936', 772.85);
INSERT INTO orders (id, supplier_id, product_id, quantity, status, created_at, updated_at, order_number, total) VALUES ('8704c8e9-22c9-4339-b342-9a89049b0998', 'sup-9', 'prod-4', 5, 'cancelled', '2024-06-10T09:15:48.022600', '2024-06-13T09:15:48.022600', 'ORD-79864', 1027.74);
INSERT INTO orders (id, supplier_id, product_id, quantity, status, created_at, updated_at, order_number, total) VALUES ('4571dc12-f674-4030-94da-20a1313b95ff', 'sup-6', 'prod-6', 3, 'completed', '2024-07-06T09:15:48.022600', '2024-07-07T09:15:48.022600', 'ORD-41607', 1046.9);
INSERT INTO orders (id, supplier_id, product_id, quantity, status, created_at, updated_at, order_number, total) VALUES ('2bf40eec-fc20-43e1-b985-29f7f8f583f5', 'sup-9', 'prod-11', 4, 'processing', '2024-06-17T09:15:48.022600', '2024-06-23T09:15:48.022600', 'ORD-12429', 464.93);
INSERT INTO orders (id, supplier_id, product_id, quantity, status, created_at, updated_at, order_number, total) VALUES ('f80f90bf-21f9-4ead-b14d-8efe8900f49d', 'sup-0', 'prod-10', 4, 'completed', '2024-06-08T09:15:48.022600', '2024-06-10T09:15:48.022600', 'ORD-57898', 1805.98);
INSERT INTO orders (id, supplier_id, product_id, quantity, status, created_at, updated_at, order_number, total) VALUES ('987c914b-01de-4915-a585-175fea934acd', 'sup-5', 'prod-1', 5, 'shipped', '2024-07-06T09:15:48.022600', '2024-07-07T09:15:48.022600', 'ORD-14828', 759.44);
INSERT INTO orders (id, supplier_id, product_id, quantity, status, created_at, updated_at, order_number, total) VALUES ('cd061b85-5393-44c7-9503-092c3c0596df', 'sup-5', 'prod-9', 3, 'cancelled', '2024-06-21T09:15:48.022600', '2024-06-23T09:15:48.022600', 'ORD-93313', 1967.03);
INSERT INTO orders (id, supplier_id, product_id, quantity, status, created_at, updated_at, order_number, total) VALUES ('1a61bbf0-8390-43c1-a67b-a1d27b3e0fae', 'sup-5', 'prod-9', 4, 'cancelled', '2024-06-14T09:15:48.022600', '2024-06-20T09:15:48.022600', 'ORD-54016', 858.6);
INSERT INTO orders (id, supplier_id, product_id, quantity, status, created_at, updated_at, order_number, total) VALUES ('ccdd52fa-49b3-418c-a20c-77ff30443ea0', 'sup-0', 'prod-12', 3, 'completed', '2024-06-15T09:15:48.022600', '2024-06-22T09:15:48.022600', 'ORD-56252', 1683.66);
INSERT INTO orders (id, supplier_id, product_id, quantity, status, created_at, updated_at, order_number, total) VALUES ('cf0d7e1f-94f5-43e1-a614-d1eb4261be2f', 'sup-8', 'prod-18', 5, 'processing', '2024-07-07T09:15:48.022600', '2024-07-13T09:15:48.022600', 'ORD-11959', 1658.55);
INSERT INTO orders (id, supplier_id, product_id, quantity, status, created_at, updated_at, order_number, total) VALUES ('0090fc3a-9b5d-49bd-9531-feda25601c1a', 'sup-0', 'prod-2', 4, 'cancelled', '2024-07-03T09:15:48.022600', '2024-07-11T09:15:48.022600', 'ORD-83276', 1927.36);
INSERT INTO orders (id, supplier_id, product_id, quantity, status, created_at, updated_at, order_number, total) VALUES ('90956ab2-af6d-48fc-b1a6-969dd9a6deed', 'sup-1', 'prod-14', 4, 'processing', '2024-06-14T09:15:48.022600', '2024-06-20T09:15:48.022600', 'ORD-69197', 1218.11);
INSERT INTO orders (id, supplier_id, product_id, quantity, status, created_at, updated_at, order_number, total) VALUES ('f06f8f1a-0ce2-4192-ad1f-4060cfb095d3', 'sup-0', 'prod-10', 4, 'completed', '2024-06-17T09:15:48.022600', '2024-06-22T09:15:48.022600', 'ORD-49259', 682.97);
INSERT INTO orders (id, supplier_id, product_id, quantity, status, created_at, updated_at, order_number, total) VALUES ('07c80e45-e35e-42ca-9b5e-828571cdd786', 'sup-1', 'prod-13', 5, 'completed', '2024-06-14T09:15:48.022600', '2024-06-18T09:15:48.022600', 'ORD-81358', 185.07);
INSERT INTO orders (id, supplier_id, product_id, quantity, status, created_at, updated_at, order_number, total) VALUES ('6c9333a3-e583-4ac1-a740-3f43a5e52364', 'sup-0', 'prod-10', 3, 'processing', '2024-06-25T09:15:48.022600', '2024-07-01T09:15:48.022600', 'ORD-82570', 131.51);
INSERT INTO orders (id, supplier_id, product_id, quantity, status, created_at, updated_at, order_number, total) VALUES ('26e961bf-95d5-4add-b33e-6ec5443306f0', 'sup-5', 'prod-9', 1, 'cancelled', '2024-06-25T09:15:48.022600', '2024-06-26T09:15:48.022600', 'ORD-68571', 1392.91);
INSERT INTO orders (id, supplier_id, product_id, quantity, status, created_at, updated_at, order_number, total) VALUES ('d1396b65-3687-4e15-b4a8-8077aa011733', 'sup-0', 'prod-10', 1, 'pending', '2024-06-22T09:15:48.022600', '2024-06-26T09:15:48.022600', 'ORD-43477', 308.97);
INSERT INTO orders (id, supplier_id, product_id, quantity, status, created_at, updated_at, order_number, total) VALUES ('5f618bca-7e2d-4444-824c-8e32543a6cc4', 'sup-3', 'prod-5', 1, 'shipped', '2024-07-04T09:15:48.022600', '2024-07-14T09:15:48.022600', 'ORD-60973', 880.68);
INSERT INTO orders (id, supplier_id, product_id, quantity, status, created_at, updated_at, order_number, total) VALUES ('3690f84f-4519-4272-9f91-c4617d953092', 'sup-0', 'prod-12', 3, 'processing', '2024-07-26T09:15:48.022600', '2024-08-04T09:15:48.022600', 'ORD-75348', 1315.15);
INSERT INTO orders (id, supplier_id, product_id, quantity, status, created_at, updated_at, order_number, total) VALUES ('df54b618-7322-4396-91b7-d90dc4532da0', 'sup-5', 'prod-3', 1, 'shipped', '2024-07-28T09:15:48.022600', '2024-08-03T09:15:48.022600', 'ORD-13691', 1605.59);
INSERT INTO orders (id, supplier_id, product_id, quantity, status, created_at, updated_at, order_number, total) VALUES ('052e5a57-8036-4147-bad1-f9907a1e5207', 'sup-3', 'prod-17', 1, 'processing', '2024-07-11T09:15:48.022600', '2024-07-13T09:15:48.022600', 'ORD-91286', 1705.88);
INSERT INTO orders (id, supplier_id, product_id, quantity, status, created_at, updated_at, order_number, total) VALUES ('130d8e16-7522-4dd9-b619-648ee890d7db', 'sup-0', 'prod-2', 5, 'processing', '2024-07-09T09:15:48.022600', '2024-07-17T09:15:48.022600', 'ORD-48619', 1142.68);
INSERT INTO orders (id, supplier_id, product_id, quantity, status, created_at, updated_at, order_number, total) VALUES ('7b2d2523-5648-4664-8be6-c024bc91e25e', 'sup-3', 'prod-17', 3, 'pending', '2024-08-04T09:15:48.022600', '2024-08-12T09:15:48.022600', 'ORD-20303', 1794.15);
INSERT INTO orders (id, supplier_id, product_id, quantity, status, created_at, updated_at, order_number, total) VALUES ('bf97cf02-4294-4937-a41c-ba34054ee581', 'sup-0', 'prod-10', 5, 'pending', '2024-07-17T09:15:48.022600', '2024-07-22T09:15:48.022600', 'ORD-20296', 1880.04);
INSERT INTO orders (id, supplier_id, product_id, quantity, status, created_at, updated_at, order_number, total) VALUES ('819ae191-cf68-4992-8bbf-a679180fd8f7', 'sup-3', 'prod-17', 5, 'cancelled', '2024-07-31T09:15:48.022600', '2024-08-04T09:15:48.022600', 'ORD-54855', 1453.34);
INSERT INTO orders (id, supplier_id, product_id, quantity, status, created_at, updated_at, order_number, total) VALUES ('cdf1c79e-d53e-453f-942e-bb011cac7884', 'sup-4', 'prod-19', 1, 'completed', '2024-07-08T09:15:48.022600', '2024-07-10T09:15:48.022600', 'ORD-15982', 681.86);
INSERT INTO orders (id, supplier_id, product_id, quantity, status, created_at, updated_at, order_number, total) VALUES ('0765beef-8634-4b61-8715-c6cc7aad804f', 'sup-5', 'prod-9', 1, 'shipped', '2024-07-15T09:15:48.022600', '2024-07-17T09:15:48.022600', 'ORD-80567', 856.61);
INSERT INTO orders (id, supplier_id, product_id, quantity, status, created_at, updated_at, order_number, total) VALUES ('ad73429b-f82b-4a95-9b93-25f9512b8328', 'sup-9', 'prod-4', 3, 'pending', '2024-07-29T09:15:48.022600', '2024-08-06T09:15:48.022600', 'ORD-45923', 1201.78);
INSERT INTO orders (id, supplier_id, product_id, quantity, status, created_at, updated_at, order_number, total) VALUES ('bff10e47-e3da-40c6-ab4e-81e95e9ce41c', 'sup-0', 'prod-10', 5, 'completed', '2024-07-09T09:15:48.022600', '2024-07-19T09:15:48.022600', 'ORD-41872', 1850.21);
INSERT INTO orders (id, supplier_id, product_id, quantity, status, created_at, updated_at, order_number, total) VALUES ('3f44dd58-6986-44eb-adff-9f898aaab197', 'sup-1', 'prod-8', 5, 'shipped', '2024-07-30T09:15:48.022600', '2024-08-04T09:15:48.022600', 'ORD-50043', 359.76);
INSERT INTO orders (id, supplier_id, product_id, quantity, status, created_at, updated_at, order_number, total) VALUES ('55d847f0-74b4-461e-9a1a-b7dd66aa73c1', 'sup-4', 'prod-7', 3, 'processing', '2024-07-15T09:15:48.022600', '2024-07-18T09:15:48.022600', 'ORD-91249', 587.61);
INSERT INTO orders (id, supplier_id, product_id, quantity, status, created_at, updated_at, order_number, total) VALUES ('e82f3829-3909-4f58-9a17-7bf16e534ca9', 'sup-6', 'prod-6', 1, 'pending', '2024-07-24T09:15:48.022600', '2024-07-26T09:15:48.022600', 'ORD-15459', 1684.38);
INSERT INTO orders (id, supplier_id, product_id, quantity, status, created_at, updated_at, order_number, total) VALUES ('b2165079-fdd4-48c9-92ff-14421ac2071e', 'sup-1', 'prod-16', 2, 'shipped', '2024-07-23T09:15:48.022600', '2024-07-30T09:15:48.022600', 'ORD-23394', 1915.32);
INSERT INTO orders (id, supplier_id, product_id, quantity, status, created_at, updated_at, order_number, total) VALUES ('0517cdca-846a-4bcc-a1d2-8b8fe32cb13e', 'sup-1', 'prod-13', 5, 'completed', '2024-07-09T09:15:48.022600', '2024-07-16T09:15:48.022600', 'ORD-74598', 865.03);
INSERT INTO orders (id, supplier_id, product_id, quantity, status, created_at, updated_at, order_number, total) VALUES ('1a436fa8-dd88-4e3f-b681-b4615a030bbc', 'sup-5', 'prod-1', 4, 'cancelled', '2024-07-10T09:15:48.022600', '2024-07-19T09:15:48.022600', 'ORD-44405', 946.91);
INSERT INTO orders (id, supplier_id, product_id, quantity, status, created_at, updated_at, order_number, total) VALUES ('bb89ca3c-03bd-49a5-92b8-2dfff5b2391a', 'sup-3', 'prod-5', 2, 'completed', '2024-08-03T09:15:48.022600', '2024-08-11T09:15:48.022600', 'ORD-64543', 190.75);
INSERT INTO orders (id, supplier_id, product_id, quantity, status, created_at, updated_at, order_number, total) VALUES ('ebf19785-5261-4372-a767-bec0fc98daa1', 'sup-1', 'prod-8', 3, 'completed', '2024-07-23T09:15:48.022600', '2024-07-27T09:15:48.022600', 'ORD-89007', 876.74);
INSERT INTO orders (id, supplier_id, product_id, quantity, status, created_at, updated_at, order_number, total) VALUES ('18fa31bc-aca7-45e9-b788-0fcfa485c856', 'sup-9', 'prod-11', 1, 'cancelled', '2024-07-09T09:15:48.022600', '2024-07-19T09:15:48.022600', 'ORD-89782', 1775.64);
INSERT INTO orders (id, supplier_id, product_id, quantity, status, created_at, updated_at, order_number, total) VALUES ('85696d70-94dc-4801-bbbe-2079d24adba1', 'sup-1', 'prod-8', 1, 'processing', '2024-07-12T09:15:48.022600', '2024-07-22T09:15:48.022600', 'ORD-42557', 476.18);
INSERT INTO orders (id, supplier_id, product_id, quantity, status, created_at, updated_at, order_number, total) VALUES ('8b4befd2-817f-4aa5-b928-18629b580cb6', 'sup-1', 'prod-13', 2, 'processing', '2024-08-01T09:15:48.022600', '2024-08-02T09:15:48.022600', 'ORD-24932', 774.15);
INSERT INTO orders (id, supplier_id, product_id, quantity, status, created_at, updated_at, order_number, total) VALUES ('8d04c08c-7372-43ce-88ad-95d99a4113f0', 'sup-3', 'prod-17', 3, 'pending', '2024-07-24T09:15:48.022600', '2024-08-01T09:15:48.022600', 'ORD-63317', 1768.2);
INSERT INTO orders (id, supplier_id, product_id, quantity, status, created_at, updated_at, order_number, total) VALUES ('f1a3f2ec-04ed-4a6a-95f5-0881c01d4019', 'sup-8', 'prod-18', 3, 'pending', '2024-07-17T09:15:48.022600', '2024-07-20T09:15:48.022600', 'ORD-73643', 1163.85);
INSERT INTO orders (id, supplier_id, product_id, quantity, status, created_at, updated_at, order_number, total) VALUES ('1fbf7600-3cf8-42ac-8414-f30f9ddc9394', 'sup-8', 'prod-18', 2, 'pending', '2024-07-20T09:15:48.022600', '2024-07-29T09:15:48.022600', 'ORD-65323', 1215.62);
INSERT INTO orders (id, supplier_id, product_id, quantity, status, created_at, updated_at, order_number, total) VALUES ('0127b709-10ab-4d2b-bab4-ff6df84e5ced', 'sup-5', 'prod-1', 1, 'processing', '2024-07-13T09:15:48.022600', '2024-07-15T09:15:48.022600', 'ORD-69194', 1193.28);
INSERT INTO orders (id, supplier_id, product_id, quantity, status, created_at, updated_at, order_number, total) VALUES ('6217603d-0de0-4ed2-bfb9-0cb3a0edb7ec', 'sup-9', 'prod-11', 5, 'processing', '2024-07-10T09:15:48.022600', '2024-07-14T09:15:48.022600', 'ORD-53345', 1159.21);
INSERT INTO orders (id, supplier_id, product_id, quantity, status, created_at, updated_at, order_number, total) VALUES ('e79216bd-86a3-4456-a254-ae04a77d78b0', 'sup-0', 'prod-2', 3, 'pending', '2024-07-22T09:15:48.022600', '2024-07-28T09:15:48.022600', 'ORD-22047', 1967.21);
INSERT INTO orders (id, supplier_id, product_id, quantity, status, created_at, updated_at, order_number, total) VALUES ('715f07d0-8857-48b9-bd76-11fd129b16b2', 'sup-0', 'prod-2', 1, 'cancelled', '2024-07-12T09:15:48.022600', '2024-07-17T09:15:48.022600', 'ORD-73193', 837.55);
INSERT INTO orders (id, supplier_id, product_id, quantity, status, created_at, updated_at, order_number, total) VALUES ('9d12ae59-c978-4110-a69e-b32f4dfcc637', 'sup-1', 'prod-13', 1, 'pending', '2024-08-03T09:15:48.022600', '2024-08-12T09:15:48.022600', 'ORD-55258', 810.84);
INSERT INTO orders (id, supplier_id, product_id, quantity, status, created_at, updated_at, order_number, total) VALUES ('553a22f8-e140-4b23-8fce-250c6d60008b', 'sup-0', 'prod-12', 5, 'cancelled', '2024-08-29T09:15:48.022600', '2024-08-30T09:15:48.022600', 'ORD-79488', 1134.34);
INSERT INTO orders (id, supplier_id, product_id, quantity, status, created_at, updated_at, order_number, total) VALUES ('2a6db57c-c6ac-404a-acbd-4e3e72b48a56', 'sup-4', 'prod-0', 4, 'pending', '2024-08-09T09:15:48.022600', '2024-08-12T09:15:48.022600', 'ORD-73816', 1194.46);
INSERT INTO orders (id, supplier_id, product_id, quantity, status, created_at, updated_at, order_number, total) VALUES ('05931853-35a3-45e2-a44a-59330dd4b6bf', 'sup-1', 'prod-14', 2, 'processing', '2024-08-26T09:15:48.022600', '2024-08-27T09:15:48.022600', 'ORD-52644', 1404.4);
INSERT INTO orders (id, supplier_id, product_id, quantity, status, created_at, updated_at, order_number, total) VALUES ('1669fda7-4baf-4d13-ae09-0b4d627b9a84', 'sup-0', 'prod-2', 2, 'completed', '2024-08-21T09:15:48.022600', '2024-08-23T09:15:48.022600', 'ORD-82098', 1919.38);
INSERT INTO orders (id, supplier_id, product_id, quantity, status, created_at, updated_at, order_number, total) VALUES ('6146ba56-bd1c-4a81-a28a-809c81874d3c', 'sup-9', 'prod-11', 4, 'pending', '2024-09-03T09:15:48.022600', '2024-09-08T09:15:48.022600', 'ORD-47171', 461.86);
INSERT INTO orders (id, supplier_id, product_id, quantity, status, created_at, updated_at, order_number, total) VALUES ('046de1ca-dc60-49a9-8b27-8d5842e9e60f', 'sup-5', 'prod-1', 2, 'completed', '2024-08-18T09:15:48.022600', '2024-08-27T09:15:48.022600', 'ORD-88641', 468.02);
INSERT INTO orders (id, supplier_id, product_id, quantity, status, created_at, updated_at, order_number, total) VALUES ('b93bdeb5-c6a9-4109-bcc2-ce8fea972078', 'sup-1', 'prod-16', 2, 'processing', '2024-08-31T09:15:48.022600', '2024-09-10T09:15:48.022600', 'ORD-12318', 1755.14);
INSERT INTO orders (id, supplier_id, product_id, quantity, status, created_at, updated_at, order_number, total) VALUES ('50d89131-4c59-4f2f-b39c-1f6f01a07ded', 'sup-6', 'prod-6', 4, 'completed', '2024-08-16T09:15:48.022600', '2024-08-26T09:15:48.022600', 'ORD-68905', 874.37);
INSERT INTO orders (id, supplier_id, product_id, quantity, status, created_at, updated_at, order_number, total) VALUES ('c0377e1a-39da-4bc6-a503-4b7998b61408', 'sup-0', 'prod-15', 5, 'cancelled', '2024-08-10T09:15:48.022600', '2024-08-13T09:15:48.022600', 'ORD-52642', 614.07);
INSERT INTO orders (id, supplier_id, product_id, quantity, status, created_at, updated_at, order_number, total) VALUES ('e7e5ab03-36aa-4826-901d-327126b75eca', 'sup-5', 'prod-3', 5, 'processing', '2024-08-17T09:15:48.022600', '2024-08-21T09:15:48.022600', 'ORD-74369', 823.39);
INSERT INTO orders (id, supplier_id, product_id, quantity, status, created_at, updated_at, order_number, total) VALUES ('41801a70-30ad-4e36-a6e7-c0342057d18a', 'sup-5', 'prod-3', 3, 'pending', '2024-08-15T09:15:48.022600', '2024-08-21T09:15:48.022600', 'ORD-53376', 1445.43);
INSERT INTO orders (id, supplier_id, product_id, quantity, status, created_at, updated_at, order_number, total) VALUES ('9501b48c-ad4a-49cc-bc1a-cc6dfb67c13e', 'sup-5', 'prod-9', 2, 'shipped', '2024-08-20T09:15:48.022600', '2024-08-26T09:15:48.022600', 'ORD-46997', 1875.62);
INSERT INTO orders (id, supplier_id, product_id, quantity, status, created_at, updated_at, order_number, total) VALUES ('ca67770b-3e9d-477d-b39d-ddb315a08c7d', 'sup-4', 'prod-19', 3, 'completed', '2024-08-07T09:15:48.022600', '2024-08-14T09:15:48.022600', 'ORD-27598', 761.22);
INSERT INTO orders (id, supplier_id, product_id, quantity, status, created_at, updated_at, order_number, total) VALUES ('67c43de6-1335-48a5-8038-8f586af86c93', 'sup-5', 'prod-3', 2, 'pending', '2024-09-03T09:15:48.022600', '2024-09-12T09:15:48.022600', 'ORD-41349', 1088.34);
INSERT INTO orders (id, supplier_id, product_id, quantity, status, created_at, updated_at, order_number, total) VALUES ('8943dd71-81ea-4484-a87b-5ffdcf5dd212', 'sup-0', 'prod-12', 5, 'processing', '2024-08-21T09:15:48.022600', '2024-08-24T09:15:48.022600', 'ORD-34015', 815.2);
INSERT INTO orders (id, supplier_id, product_id, quantity, status, created_at, updated_at, order_number, total) VALUES ('5e0d4ff8-7f22-4098-8d07-2d9b2703acb1', 'sup-9', 'prod-11', 1, 'completed', '2024-08-11T09:15:48.022600', '2024-08-13T09:15:48.022600', 'ORD-65759', 1562.53);
INSERT INTO orders (id, supplier_id, product_id, quantity, status, created_at, updated_at, order_number, total) VALUES ('95e52920-bcef-4444-86ec-986a66697662', 'sup-0', 'prod-2', 3, 'completed', '2024-08-27T09:15:48.022600', '2024-08-28T09:15:48.022600', 'ORD-32253', 1803.96);
INSERT INTO orders (id, supplier_id, product_id, quantity, status, created_at, updated_at, order_number, total) VALUES ('57c82f0b-7225-40ab-99d9-c5e5f16e4271', 'sup-3', 'prod-17', 5, 'processing', '2024-08-15T09:15:48.022600', '2024-08-18T09:15:48.022600', 'ORD-78521', 1432.41);
INSERT INTO orders (id, supplier_id, product_id, quantity, status, created_at, updated_at, order_number, total) VALUES ('49c2ded8-a806-44d4-b950-da81af743f34', 'sup-5', 'prod-3', 2, 'processing', '2024-08-10T09:15:48.022600', '2024-08-15T09:15:48.022600', 'ORD-40481', 610.82);
INSERT INTO orders (id, supplier_id, product_id, quantity, status, created_at, updated_at, order_number, total) VALUES ('4767f67d-5957-407b-8cb2-63ef78264e0d', 'sup-4', 'prod-7', 4, 'cancelled', '2024-08-23T09:15:48.022600', '2024-08-31T09:15:48.022600', 'ORD-14280', 1896.97);
INSERT INTO orders (id, supplier_id, product_id, quantity, status, created_at, updated_at, order_number, total) VALUES ('a056b673-ece4-4792-93a5-08d8332f6977', 'sup-0', 'prod-15', 1, 'processing', '2024-08-13T09:15:48.022600', '2024-08-15T09:15:48.022600', 'ORD-82288', 1188.54);
INSERT INTO orders (id, supplier_id, product_id, quantity, status, created_at, updated_at, order_number, total) VALUES ('60b0bab6-c2bf-4a0a-b9c0-09faae6e0f4b', 'sup-5', 'prod-9', 2, 'shipped', '2024-08-22T09:15:48.022600', '2024-09-01T09:15:48.022600', 'ORD-33610', 1430.12);
INSERT INTO orders (id, supplier_id, product_id, quantity, status, created_at, updated_at, order_number, total) VALUES ('9a00c700-fbce-4046-b79c-439bb1939df8', 'sup-1', 'prod-13', 4, 'cancelled', '2024-08-22T09:15:48.022600', '2024-08-24T09:15:48.022600', 'ORD-62272', 1483.52);
INSERT INTO orders (id, supplier_id, product_id, quantity, status, created_at, updated_at, order_number, total) VALUES ('12e6b885-fe0d-4271-8050-e43ecdbe9403', 'sup-6', 'prod-6', 3, 'shipped', '2024-09-01T09:15:48.022600', '2024-09-08T09:15:48.022600', 'ORD-24964', 1718.48);
INSERT INTO orders (id, supplier_id, product_id, quantity, status, created_at, updated_at, order_number, total) VALUES ('0f616d02-5b1c-4dfe-955f-5a92cd219d89', 'sup-0', 'prod-2', 3, 'shipped', '2024-08-10T09:15:48.022600', '2024-08-13T09:15:48.022600', 'ORD-10390', 749.13);
INSERT INTO orders (id, supplier_id, product_id, quantity, status, created_at, updated_at, order_number, total) VALUES ('f7f56a7a-b72f-48bf-8a5c-45bff2a9f119', 'sup-3', 'prod-17', 2, 'pending', '2024-08-13T09:15:48.022600', '2024-08-17T09:15:48.022600', 'ORD-81197', 559.29);
INSERT INTO orders (id, supplier_id, product_id, quantity, status, created_at, updated_at, order_number, total) VALUES ('9dab4bda-75e3-400c-a07e-3553266937da', 'sup-5', 'prod-3', 1, 'completed', '2024-09-01T09:15:48.022600', '2024-09-05T09:15:48.022600', 'ORD-85485', 1329.24);
INSERT INTO orders (id, supplier_id, product_id, quantity, status, created_at, updated_at, order_number, total) VALUES ('67fe7a51-ef23-41ee-a8e9-7783abfb2b53', 'sup-0', 'prod-10', 2, 'shipped', '2024-08-11T09:15:48.022600', '2024-08-17T09:15:48.022600', 'ORD-13537', 419.4);
INSERT INTO orders (id, supplier_id, product_id, quantity, status, created_at, updated_at, order_number, total) VALUES ('fd8aecd1-69bf-4a5e-8f87-816439ac18a4', 'sup-4', 'prod-19', 2, 'shipped', '2024-08-24T09:15:48.022600', '2024-08-26T09:15:48.022600', 'ORD-86954', 1441.0);
INSERT INTO orders (id, supplier_id, product_id, quantity, status, created_at, updated_at, order_number, total) VALUES ('b32f4380-bd01-44ca-aaff-c2dd4294aaf4', 'sup-4', 'prod-0', 2, 'shipped', '2024-08-20T09:15:48.022600', '2024-08-21T09:15:48.022600', 'ORD-24181', 507.1);
INSERT INTO orders (id, supplier_id, product_id, quantity, status, created_at, updated_at, order_number, total) VALUES ('7ba651c1-c918-492f-8cb6-6319a130946b', 'sup-5', 'prod-3', 3, 'cancelled', '2024-10-01T09:15:48.022600', '2024-10-03T09:15:48.022600', 'ORD-90225', 845.11);
INSERT INTO orders (id, supplier_id, product_id, quantity, status, created_at, updated_at, order_number, total) VALUES ('e1aabfdc-f906-49ed-9a48-3a951765da86', 'sup-9', 'prod-4', 4, 'shipped', '2024-09-21T09:15:48.022600', '2024-09-26T09:15:48.022600', 'ORD-48134', 1337.98);
INSERT INTO orders (id, supplier_id, product_id, quantity, status, created_at, updated_at, order_number, total) VALUES ('56ea3b1f-2567-4c1d-bdbd-8bcb41a90c3f', 'sup-3', 'prod-17', 2, 'cancelled', '2024-09-29T09:15:48.022600', '2024-10-06T09:15:48.022600', 'ORD-65420', 1313.61);
INSERT INTO orders (id, supplier_id, product_id, quantity, status, created_at, updated_at, order_number, total) VALUES ('ebd71611-2d1d-45f5-b873-cd15ea0ee4fa', 'sup-1', 'prod-14', 4, 'pending', '2024-09-12T09:15:48.022600', '2024-09-13T09:15:48.022600', 'ORD-51091', 1491.45);
INSERT INTO orders (id, supplier_id, product_id, quantity, status, created_at, updated_at, order_number, total) VALUES ('fce8ee1a-bb2b-4a12-bf4f-2f613c4aa176', 'sup-6', 'prod-6', 4, 'cancelled', '2024-09-12T09:15:48.022600', '2024-09-13T09:15:48.022600', 'ORD-46203', 722.4);
INSERT INTO orders (id, supplier_id, product_id, quantity, status, created_at, updated_at, order_number, total) VALUES ('1dda9516-ae38-489b-af59-adbc2f2966c0', 'sup-5', 'prod-1', 5, 'cancelled', '2024-09-06T09:15:48.022600', '2024-09-15T09:15:48.022600', 'ORD-19879', 1191.78);
INSERT INTO orders (id, supplier_id, product_id, quantity, status, created_at, updated_at, order_number, total) VALUES ('be17a517-99b0-423b-85f2-b16793944fce', 'sup-0', 'prod-15', 3, 'pending', '2024-09-28T09:15:48.022600', '2024-09-29T09:15:48.022600', 'ORD-54330', 726.53);
INSERT INTO orders (id, supplier_id, product_id, quantity, status, created_at, updated_at, order_number, total) VALUES ('d748d8a1-9432-4dbe-a7ab-31b1f549ff53', 'sup-1', 'prod-14', 2, 'pending', '2024-10-02T09:15:48.022600', '2024-10-10T09:15:48.022600', 'ORD-29927', 1245.64);
INSERT INTO orders (id, supplier_id, product_id, quantity, status, created_at, updated_at, order_number, total) VALUES ('f28c3081-29e2-49a8-9fb1-17012f16b11d', 'sup-5', 'prod-1', 3, 'completed', '2024-10-02T09:15:48.022600', '2024-10-05T09:15:48.022600', 'ORD-19584', 418.88);
INSERT INTO orders (id, supplier_id, product_id, quantity, status, created_at, updated_at, order_number, total) VALUES ('e22df194-2850-4f1d-8fce-4797fef4f515', 'sup-5', 'prod-9', 2, 'completed', '2024-10-03T09:15:48.022600', '2024-10-12T09:15:48.022600', 'ORD-17666', 1289.54);
INSERT INTO orders (id, supplier_id, product_id, quantity, status, created_at, updated_at, order_number, total) VALUES ('ee945df0-9686-43ba-bec5-7053db6e4830', 'sup-0', 'prod-12', 5, 'completed', '2024-09-17T09:15:48.022600', '2024-09-23T09:15:48.022600', 'ORD-87214', 1986.07);
INSERT INTO orders (id, supplier_id, product_id, quantity, status, created_at, updated_at, order_number, total) VALUES ('7bbba86b-9c81-433f-8f14-85d21454a219', 'sup-0', 'prod-15', 1, 'shipped', '2024-09-20T09:15:48.022600', '2024-09-26T09:15:48.022600', 'ORD-13631', 1189.0);
INSERT INTO orders (id, supplier_id, product_id, quantity, status, created_at, updated_at, order_number, total) VALUES ('bd3afcba-dab8-4114-a7d8-b8655055db6e', 'sup-6', 'prod-6', 2, 'pending', '2024-09-26T09:15:48.022600', '2024-10-02T09:15:48.022600', 'ORD-31341', 1052.99);
INSERT INTO orders (id, supplier_id, product_id, quantity, status, created_at, updated_at, order_number, total) VALUES ('3d8481f2-694b-4ac4-bb89-4e3f19180d5d', 'sup-6', 'prod-6', 1, 'shipped', '2024-09-14T09:15:48.022600', '2024-09-20T09:15:48.022600', 'ORD-37956', 1056.18);
INSERT INTO orders (id, supplier_id, product_id, quantity, status, created_at, updated_at, order_number, total) VALUES ('198f48b7-dbec-44de-952b-07656a620bc0', 'sup-4', 'prod-0', 5, 'completed', '2024-09-19T09:15:48.022600', '2024-09-27T09:15:48.022600', 'ORD-95835', 1100.92);
INSERT INTO orders (id, supplier_id, product_id, quantity, status, created_at, updated_at, order_number, total) VALUES ('845a4d11-9593-4160-903a-3a492fd3f0d6', 'sup-5', 'prod-1', 1, 'processing', '2024-09-11T09:15:48.022600', '2024-09-17T09:15:48.022600', 'ORD-13067', 349.92);
INSERT INTO orders (id, supplier_id, product_id, quantity, status, created_at, updated_at, order_number, total) VALUES ('e17dc85d-2a54-4330-8685-28149d663b79', 'sup-0', 'prod-15', 5, 'completed', '2024-09-24T09:15:48.022600', '2024-10-03T09:15:48.022600', 'ORD-39174', 1336.47);
INSERT INTO orders (id, supplier_id, product_id, quantity, status, created_at, updated_at, order_number, total) VALUES ('b9530373-3260-4667-9a4e-0ebbacb7e226', 'sup-0', 'prod-12', 3, 'cancelled', '2024-10-01T09:15:48.022600', '2024-10-07T09:15:48.022600', 'ORD-32508', 482.67);
INSERT INTO orders (id, supplier_id, product_id, quantity, status, created_at, updated_at, order_number, total) VALUES ('168eeb6d-7c01-4c38-97e1-ef1a7f5f01c1', 'sup-6', 'prod-6', 3, 'processing', '2024-09-17T09:15:48.022600', '2024-09-23T09:15:48.022600', 'ORD-15128', 702.06);
INSERT INTO orders (id, supplier_id, product_id, quantity, status, created_at, updated_at, order_number, total) VALUES ('0d0dbbf6-7f60-446c-bfac-0fe0c50dccca', 'sup-3', 'prod-5', 5, 'pending', '2024-09-29T09:15:48.022600', '2024-10-03T09:15:48.022600', 'ORD-99213', 1272.13);
INSERT INTO orders (id, supplier_id, product_id, quantity, status, created_at, updated_at, order_number, total) VALUES ('5471e050-6316-4841-b719-0e30c407419d', 'sup-0', 'prod-10', 2, 'pending', '2024-10-03T09:15:48.022600', '2024-10-11T09:15:48.022600', 'ORD-69777', 1922.36);
INSERT INTO orders (id, supplier_id, product_id, quantity, status, created_at, updated_at, order_number, total) VALUES ('9340addd-dc8d-412d-8d9c-1c12afd9c661', 'sup-1', 'prod-8', 2, 'processing', '2024-09-27T09:15:48.022600', '2024-09-30T09:15:48.022600', 'ORD-82522', 913.95);
INSERT INTO orders (id, supplier_id, product_id, quantity, status, created_at, updated_at, order_number, total) VALUES ('c9650c51-0ac9-481e-bae9-a4a7c0701423', 'sup-3', 'prod-5', 4, 'pending', '2024-09-10T09:15:48.022600', '2024-09-15T09:15:48.022600', 'ORD-56416', 1950.67);
INSERT INTO orders (id, supplier_id, product_id, quantity, status, created_at, updated_at, order_number, total) VALUES ('0eb786e6-65dd-41e5-8a64-32c611c4c41f', 'sup-5', 'prod-3', 2, 'pending', '2024-09-22T09:15:48.022600', '2024-09-24T09:15:48.022600', 'ORD-77051', 610.4);
INSERT INTO orders (id, supplier_id, product_id, quantity, status, created_at, updated_at, order_number, total) VALUES ('9329db5a-a67b-40ba-8817-2c94c6e7016d', 'sup-0', 'prod-15', 3, 'pending', '2024-09-19T09:15:48.022600', '2024-09-22T09:15:48.022600', 'ORD-57890', 310.32);
INSERT INTO orders (id, supplier_id, product_id, quantity, status, created_at, updated_at, order_number, total) VALUES ('ece62c45-8228-4e97-b33d-5d5984b37b91', 'sup-0', 'prod-12', 3, 'pending', '2024-09-23T09:15:48.022600', '2024-09-27T09:15:48.022600', 'ORD-40477', 780.44);
INSERT INTO orders (id, supplier_id, product_id, quantity, status, created_at, updated_at, order_number, total) VALUES ('3ff05a91-959d-4aa3-9044-47e6b98383ce', 'sup-1', 'prod-16', 2, 'processing', '2024-10-01T09:15:48.022600', '2024-10-03T09:15:48.022600', 'ORD-93579', 148.05);
INSERT INTO orders (id, supplier_id, product_id, quantity, status, created_at, updated_at, order_number, total) VALUES ('72891763-20d0-449a-8f7e-f5055a509946', 'sup-5', 'prod-3', 3, 'pending', '2024-09-09T09:15:48.022600', '2024-09-17T09:15:48.022600', 'ORD-26489', 1140.85);
INSERT INTO orders (id, supplier_id, product_id, quantity, status, created_at, updated_at, order_number, total) VALUES ('b6c15e84-7d34-45bc-b18f-0aab73d6fe2b', 'sup-5', 'prod-1', 2, 'completed', '2024-09-08T09:15:48.022600', '2024-09-18T09:15:48.022600', 'ORD-45094', 436.81);
INSERT INTO orders (id, supplier_id, product_id, quantity, status, created_at, updated_at, order_number, total) VALUES ('5f4dbc08-c4cb-4162-aed4-c4c1d613de5e', 'sup-9', 'prod-4', 4, 'pending', '2024-09-27T09:15:48.022600', '2024-10-06T09:15:48.022600', 'ORD-82764', 1829.44);
INSERT INTO orders (id, supplier_id, product_id, quantity, status, created_at, updated_at, order_number, total) VALUES ('de6ad39d-8625-4c27-bf70-15bf4fa37819', 'sup-0', 'prod-15', 2, 'processing', '2024-11-03T09:15:48.022600', '2024-11-06T09:15:48.022600', 'ORD-51638', 508.62);
INSERT INTO orders (id, supplier_id, product_id, quantity, status, created_at, updated_at, order_number, total) VALUES ('186917a9-fe9c-4b1a-b7a6-3ba7d1de59ac', 'sup-5', 'prod-1', 1, 'pending', '2024-10-31T09:15:48.022600', '2024-11-07T09:15:48.022600', 'ORD-15661', 1840.11);
INSERT INTO orders (id, supplier_id, product_id, quantity, status, created_at, updated_at, order_number, total) VALUES ('59e5a84c-a7fa-4754-a142-0794d3df8543', 'sup-8', 'prod-18', 4, 'cancelled', '2024-11-03T09:15:48.022600', '2024-11-09T09:15:48.022600', 'ORD-28617', 1505.9);
INSERT INTO orders (id, supplier_id, product_id, quantity, status, created_at, updated_at, order_number, total) VALUES ('84fadb1d-f0b4-4dcf-9659-dbaef9b2c69a', 'sup-0', 'prod-2', 4, 'cancelled', '2024-11-03T09:15:48.022600', '2024-11-06T09:15:48.022600', 'ORD-81931', 454.99);
INSERT INTO orders (id, supplier_id, product_id, quantity, status, created_at, updated_at, order_number, total) VALUES ('91c97a3d-d07b-418b-9f78-f60588c95977', 'sup-0', 'prod-10', 1, 'shipped', '2024-11-04T09:15:48.022600', '2024-11-10T09:15:48.022600', 'ORD-40263', 1033.58);
INSERT INTO orders (id, supplier_id, product_id, quantity, status, created_at, updated_at, order_number, total) VALUES ('9043ef1d-f38d-4ca6-9eb8-5f3c5c610463', 'sup-5', 'prod-9', 4, 'cancelled', '2024-10-21T09:15:48.022600', '2024-10-27T09:15:48.022600', 'ORD-75671', 921.52);
INSERT INTO orders (id, supplier_id, product_id, quantity, status, created_at, updated_at, order_number, total) VALUES ('f63951d6-84d3-47a8-affd-2ae371b7bea2', 'sup-5', 'prod-3', 5, 'shipped', '2024-10-29T09:15:48.022600', '2024-11-03T09:15:48.022600', 'ORD-93480', 1858.05);
INSERT INTO orders (id, supplier_id, product_id, quantity, status, created_at, updated_at, order_number, total) VALUES ('d1993178-4a2c-436d-a1d9-6268d6587fb2', 'sup-1', 'prod-13', 2, 'shipped', '2024-10-09T09:15:48.022600', '2024-10-15T09:15:48.022600', 'ORD-64954', 1494.79);
INSERT INTO orders (id, supplier_id, product_id, quantity, status, created_at, updated_at, order_number, total) VALUES ('cfa57224-9559-4635-8e5b-916cf373da71', 'sup-0', 'prod-15', 4, 'cancelled', '2024-10-28T09:15:48.022600', '2024-11-02T09:15:48.022600', 'ORD-71658', 1321.35);
INSERT INTO orders (id, supplier_id, product_id, quantity, status, created_at, updated_at, order_number, total) VALUES ('d678a6d7-ce02-4730-96d3-22652d69741d', 'sup-9', 'prod-4', 4, 'processing', '2024-10-20T09:15:48.022600', '2024-10-23T09:15:48.022600', 'ORD-25919', 1375.21);
INSERT INTO orders (id, supplier_id, product_id, quantity, status, created_at, updated_at, order_number, total) VALUES ('4d57dc40-d7b8-4d21-8490-2803398f2b61', 'sup-5', 'prod-9', 1, 'completed', '2024-10-06T09:15:48.022600', '2024-10-13T09:15:48.022600', 'ORD-78423', 1514.45);
INSERT INTO orders (id, supplier_id, product_id, quantity, status, created_at, updated_at, order_number, total) VALUES ('27f6ada7-114c-47e9-b3b2-037b6c2a71eb', 'sup-1', 'prod-13', 3, 'completed', '2024-10-13T09:15:48.022600', '2024-10-23T09:15:48.022600', 'ORD-33083', 767.57);
INSERT INTO orders (id, supplier_id, product_id, quantity, status, created_at, updated_at, order_number, total) VALUES ('814f7674-ee98-4055-a25c-5a693b159175', 'sup-0', 'prod-10', 1, 'shipped', '2024-11-04T09:15:48.022600', '2024-11-10T09:15:48.022600', 'ORD-52265', 1023.13);
INSERT INTO orders (id, supplier_id, product_id, quantity, status, created_at, updated_at, order_number, total) VALUES ('61b6359c-cbf2-4f65-b9aa-c86b75c2731f', 'sup-5', 'prod-1', 5, 'cancelled', '2024-10-30T09:15:48.022600', '2024-11-03T09:15:48.022600', 'ORD-53903', 812.56);
INSERT INTO orders (id, supplier_id, product_id, quantity, status, created_at, updated_at, order_number, total) VALUES ('8b74997e-347a-4f68-a2e3-81019395aaf9', 'sup-1', 'prod-13', 3, 'completed', '2024-11-02T09:15:48.022600', '2024-11-04T09:15:48.022600', 'ORD-89802', 1937.74);
INSERT INTO orders (id, supplier_id, product_id, quantity, status, created_at, updated_at, order_number, total) VALUES ('cda35221-9286-416a-aa1f-3b02b480d8c7', 'sup-0', 'prod-12', 1, 'pending', '2024-10-14T09:15:48.022600', '2024-10-23T09:15:48.022600', 'ORD-78944', 717.35);
INSERT INTO orders (id, supplier_id, product_id, quantity, status, created_at, updated_at, order_number, total) VALUES ('950db188-5348-4c0d-a804-8ca8673a560c', 'sup-1', 'prod-13', 1, 'pending', '2024-10-21T09:15:48.022600', '2024-10-22T09:15:48.022600', 'ORD-33881', 1873.09);
INSERT INTO orders (id, supplier_id, product_id, quantity, status, created_at, updated_at, order_number, total) VALUES ('91421224-f6bb-48c5-953c-7735991fbfe5', 'sup-4', 'prod-19', 5, 'processing', '2024-10-13T09:15:48.022600', '2024-10-17T09:15:48.022600', 'ORD-15562', 1020.29);
INSERT INTO orders (id, supplier_id, product_id, quantity, status, created_at, updated_at, order_number, total) VALUES ('be2ffbf9-8ce5-4dbc-971c-ba4ef3849cc9', 'sup-1', 'prod-16', 1, 'cancelled', '2024-10-17T09:15:48.022600', '2024-10-27T09:15:48.022600', 'ORD-83935', 1526.77);
INSERT INTO orders (id, supplier_id, product_id, quantity, status, created_at, updated_at, order_number, total) VALUES ('064f1136-07cd-4f24-8824-62c2e2347910', 'sup-3', 'prod-5', 2, 'cancelled', '2024-10-28T09:15:48.022600', '2024-10-30T09:15:48.022600', 'ORD-30683', 162.37);
INSERT INTO orders (id, supplier_id, product_id, quantity, status, created_at, updated_at, order_number, total) VALUES ('37302f6c-6a4d-4f90-917c-943d59f583a7', 'sup-3', 'prod-5', 3, 'shipped', '2024-10-31T09:15:48.022600', '2024-11-07T09:15:48.022600', 'ORD-37028', 1404.86);
INSERT INTO orders (id, supplier_id, product_id, quantity, status, created_at, updated_at, order_number, total) VALUES ('4798d1a0-9683-4d48-9319-a0da2264629e', 'sup-0', 'prod-15', 3, 'shipped', '2024-10-10T09:15:48.022600', '2024-10-20T09:15:48.022600', 'ORD-50158', 597.4);
INSERT INTO orders (id, supplier_id, product_id, quantity, status, created_at, updated_at, order_number, total) VALUES ('027b21ab-75ac-4b9e-bf2f-16bc68a85c04', 'sup-5', 'prod-3', 2, 'completed', '2024-10-28T09:15:48.022600', '2024-11-02T09:15:48.022600', 'ORD-87465', 921.55);
INSERT INTO orders (id, supplier_id, product_id, quantity, status, created_at, updated_at, order_number, total) VALUES ('eb696b6f-158f-44a2-b07c-66ab9c4f3ff6', 'sup-5', 'prod-9', 5, 'completed', '2024-10-26T09:15:48.022600', '2024-11-02T09:15:48.022600', 'ORD-42366', 783.65);
INSERT INTO orders (id, supplier_id, product_id, quantity, status, created_at, updated_at, order_number, total) VALUES ('a98b2efa-915d-4fa2-b20a-86f86826219e', 'sup-6', 'prod-6', 1, 'shipped', '2024-10-15T09:15:48.022600', '2024-10-21T09:15:48.022600', 'ORD-53112', 288.73);
INSERT INTO orders (id, supplier_id, product_id, quantity, status, created_at, updated_at, order_number, total) VALUES ('756a1258-8497-478a-9d35-67e72a271f60', 'sup-1', 'prod-14', 4, 'processing', '2024-10-24T09:15:48.022600', '2024-10-29T09:15:48.022600', 'ORD-71533', 406.74);
INSERT INTO orders (id, supplier_id, product_id, quantity, status, created_at, updated_at, order_number, total) VALUES ('1ed3bd8a-d8cc-407e-88a4-100f29711061', 'sup-8', 'prod-18', 3, 'shipped', '2024-10-08T09:15:48.022600', '2024-10-12T09:15:48.022600', 'ORD-57458', 1456.86);
INSERT INTO orders (id, supplier_id, product_id, quantity, status, created_at, updated_at, order_number, total) VALUES ('2a1f3b81-ce6c-406d-b18e-a5ef8ec4efb7', 'sup-3', 'prod-17', 3, 'processing', '2024-10-28T09:15:48.022600', '2024-11-06T09:15:48.022600', 'ORD-54566', 306.55);
INSERT INTO orders (id, supplier_id, product_id, quantity, status, created_at, updated_at, order_number, total) VALUES ('64e7c64e-e37a-46cc-92ac-5cb75be4ad01', 'sup-4', 'prod-7', 4, 'cancelled', '2024-10-13T09:15:48.022600', '2024-10-18T09:15:48.022600', 'ORD-82958', 680.54);
INSERT INTO orders (id, supplier_id, product_id, quantity, status, created_at, updated_at, order_number, total) VALUES ('594bb109-a739-4c4d-a1b7-8a2c1c6a6fb5', 'sup-0', 'prod-12', 1, 'cancelled', '2024-10-29T09:15:48.022600', '2024-11-02T09:15:48.022600', 'ORD-50088', 1142.97);
INSERT INTO orders (id, supplier_id, product_id, quantity, status, created_at, updated_at, order_number, total) VALUES ('5f16807b-f31b-46fa-ba4b-d4b604839a43', 'sup-3', 'prod-5', 2, 'processing', '2024-12-01T09:15:48.022600', '2024-12-11T09:15:48.022600', 'ORD-96518', 1838.4);
INSERT INTO orders (id, supplier_id, product_id, quantity, status, created_at, updated_at, order_number, total) VALUES ('53cd970e-28eb-42a5-99fb-cb74bff3767b', 'sup-5', 'prod-9', 2, 'cancelled', '2024-11-13T09:15:48.022600', '2024-11-15T09:15:48.022600', 'ORD-86844', 625.17);
INSERT INTO orders (id, supplier_id, product_id, quantity, status, created_at, updated_at, order_number, total) VALUES ('c6df7076-57a8-49ab-9b1a-d50518ff1036', 'sup-4', 'prod-0', 5, 'completed', '2024-11-26T09:15:48.022600', '2024-12-01T09:15:48.022600', 'ORD-22075', 1820.43);
INSERT INTO orders (id, supplier_id, product_id, quantity, status, created_at, updated_at, order_number, total) VALUES ('85001f1a-27fd-4ab5-9548-d69db7e80d0c', 'sup-5', 'prod-3', 5, 'completed', '2024-12-04T09:15:48.022600', '2024-12-11T09:15:48.022600', 'ORD-99841', 385.53);
INSERT INTO orders (id, supplier_id, product_id, quantity, status, created_at, updated_at, order_number, total) VALUES ('bb155d60-2d9b-4356-a822-cf5adac09d27', 'sup-6', 'prod-6', 4, 'cancelled', '2024-11-07T09:15:48.022600', '2024-11-08T09:15:48.022600', 'ORD-30626', 1174.75);
INSERT INTO orders (id, supplier_id, product_id, quantity, status, created_at, updated_at, order_number, total) VALUES ('de99efa4-9aad-4b73-8456-7551b5444578', 'sup-4', 'prod-19', 1, 'shipped', '2024-12-03T09:15:48.022600', '2024-12-04T09:15:48.022600', 'ORD-53979', 963.58);
INSERT INTO orders (id, supplier_id, product_id, quantity, status, created_at, updated_at, order_number, total) VALUES ('b2028df8-55f5-4cc1-bf8e-90292e174105', 'sup-1', 'prod-16', 5, 'pending', '2024-11-11T09:15:48.022600', '2024-11-15T09:15:48.022600', 'ORD-66397', 720.08);
INSERT INTO orders (id, supplier_id, product_id, quantity, status, created_at, updated_at, order_number, total) VALUES ('77024683-769b-4db4-86c6-342220f36381', 'sup-5', 'prod-9', 1, 'cancelled', '2024-12-04T09:15:48.022600', '2024-12-08T09:15:48.022600', 'ORD-91774', 1938.07);
INSERT INTO orders (id, supplier_id, product_id, quantity, status, created_at, updated_at, order_number, total) VALUES ('984acbfd-cbf9-46b0-b5dc-589274aa4f5b', 'sup-0', 'prod-10', 2, 'completed', '2024-11-29T09:15:48.022600', '2024-12-06T09:15:48.022600', 'ORD-62366', 861.26);
INSERT INTO orders (id, supplier_id, product_id, quantity, status, created_at, updated_at, order_number, total) VALUES ('e55b2704-262a-4236-b0a3-14b852716540', 'sup-8', 'prod-18', 3, 'pending', '2024-11-23T09:15:48.022600', '2024-11-28T09:15:48.022600', 'ORD-98116', 313.84);
INSERT INTO orders (id, supplier_id, product_id, quantity, status, created_at, updated_at, order_number, total) VALUES ('3878d425-cb9d-4f13-8ea7-d1a6b63d5d1c', 'sup-6', 'prod-6', 1, 'shipped', '2024-11-11T09:15:48.022600', '2024-11-16T09:15:48.022600', 'ORD-73419', 1585.63);
INSERT INTO orders (id, supplier_id, product_id, quantity, status, created_at, updated_at, order_number, total) VALUES ('1cdfa4cc-c6aa-4ed9-aace-9f77aaa9381f', 'sup-4', 'prod-19', 2, 'completed', '2024-11-26T09:15:48.022600', '2024-12-03T09:15:48.022600', 'ORD-86049', 1673.94);
INSERT INTO orders (id, supplier_id, product_id, quantity, status, created_at, updated_at, order_number, total) VALUES ('55306673-76bd-49b8-a5c8-e52224609d31', 'sup-0', 'prod-10', 5, 'shipped', '2024-11-23T09:15:48.022600', '2024-11-24T09:15:48.022600', 'ORD-91895', 1309.23);
INSERT INTO orders (id, supplier_id, product_id, quantity, status, created_at, updated_at, order_number, total) VALUES ('5b04bc67-8fd1-4740-a1af-6ef66f38737f', 'sup-4', 'prod-7', 5, 'processing', '2024-11-19T09:15:48.022600', '2024-11-28T09:15:48.022600', 'ORD-79838', 631.24);
INSERT INTO orders (id, supplier_id, product_id, quantity, status, created_at, updated_at, order_number, total) VALUES ('2a5bcfdb-bbef-449b-9dcf-98fa15c7fd92', 'sup-4', 'prod-19', 5, 'pending', '2024-11-21T09:15:48.022600', '2024-11-22T09:15:48.022600', 'ORD-49934', 440.79);
INSERT INTO orders (id, supplier_id, product_id, quantity, status, created_at, updated_at, order_number, total) VALUES ('0a277c34-efc7-44b1-90fd-8adb5621fa55', 'sup-0', 'prod-12', 2, 'shipped', '2024-11-25T09:15:48.022600', '2024-12-02T09:15:48.022600', 'ORD-44329', 1049.33);
INSERT INTO orders (id, supplier_id, product_id, quantity, status, created_at, updated_at, order_number, total) VALUES ('ecf00397-ef73-4e30-a726-31a9e87a9d18', 'sup-0', 'prod-15', 1, 'pending', '2024-11-08T09:15:48.022600', '2024-11-15T09:15:48.022600', 'ORD-10191', 747.34);
INSERT INTO orders (id, supplier_id, product_id, quantity, status, created_at, updated_at, order_number, total) VALUES ('adeee83b-ddfe-45c3-a48f-2456f5ec1049', 'sup-5', 'prod-3', 4, 'processing', '2024-12-02T09:15:48.022600', '2024-12-05T09:15:48.022600', 'ORD-76401', 235.36);
INSERT INTO orders (id, supplier_id, product_id, quantity, status, created_at, updated_at, order_number, total) VALUES ('cb00bbb4-53cd-4fc2-9a94-7a8f7a66602f', 'sup-9', 'prod-4', 1, 'processing', '2024-11-13T09:15:48.022600', '2024-11-21T09:15:48.022600', 'ORD-49137', 1050.22);
INSERT INTO orders (id, supplier_id, product_id, quantity, status, created_at, updated_at, order_number, total) VALUES ('3074e37a-2a4c-4da8-88f7-b777441cb33e', 'sup-1', 'prod-16', 1, 'processing', '2024-11-12T09:15:48.022600', '2024-11-17T09:15:48.022600', 'ORD-20910', 1098.53);
INSERT INTO orders (id, supplier_id, product_id, quantity, status, created_at, updated_at, order_number, total) VALUES ('e71beedc-7a35-437d-8c0b-f928f72fac13', 'sup-3', 'prod-5', 3, 'completed', '2024-11-22T09:15:48.022600', '2024-11-29T09:15:48.022600', 'ORD-68079', 1912.22);
INSERT INTO orders (id, supplier_id, product_id, quantity, status, created_at, updated_at, order_number, total) VALUES ('8626571d-1318-47dd-a46f-c39587fe44b0', 'sup-4', 'prod-7', 4, 'cancelled', '2024-11-07T09:15:48.022600', '2024-11-13T09:15:48.022600', 'ORD-62725', 1355.69);
INSERT INTO orders (id, supplier_id, product_id, quantity, status, created_at, updated_at, order_number, total) VALUES ('0c5bd41d-c722-43a9-8e4f-198b9e78270d', 'sup-3', 'prod-5', 1, 'shipped', '2024-11-27T09:15:48.022600', '2024-11-29T09:15:48.022600', 'ORD-75911', 691.65);
INSERT INTO orders (id, supplier_id, product_id, quantity, status, created_at, updated_at, order_number, total) VALUES ('971a5454-f37f-40a1-9fa6-c64a8cd7fa8d', 'sup-9', 'prod-4', 2, 'cancelled', '2024-11-07T09:15:48.022600', '2024-11-15T09:15:48.022600', 'ORD-49012', 1838.42);
INSERT INTO orders (id, supplier_id, product_id, quantity, status, created_at, updated_at, order_number, total) VALUES ('4fa29a2b-4f8a-461e-a816-3f5707ee028a', 'sup-4', 'prod-0', 3, 'shipped', '2024-11-12T09:15:48.022600', '2024-11-17T09:15:48.022600', 'ORD-52376', 215.19);
INSERT INTO orders (id, supplier_id, product_id, quantity, status, created_at, updated_at, order_number, total) VALUES ('604daebb-b580-4be9-a9a8-e455b6b111df', 'sup-4', 'prod-19', 2, 'completed', '2024-11-20T09:15:48.022600', '2024-11-25T09:15:48.022600', 'ORD-12869', 1731.85);
INSERT INTO orders (id, supplier_id, product_id, quantity, status, created_at, updated_at, order_number, total) VALUES ('6a4fb41a-65fa-48e1-9f06-4d9d9d7b56f3', 'sup-4', 'prod-7', 4, 'completed', '2024-11-21T09:15:48.022600', '2024-11-25T09:15:48.022600', 'ORD-87538', 289.5);
INSERT INTO orders (id, supplier_id, product_id, quantity, status, created_at, updated_at, order_number, total) VALUES ('d1f4c85f-0abd-4560-9407-85dead26e660', 'sup-8', 'prod-18', 4, 'cancelled', '2024-11-25T09:15:48.022600', '2024-11-29T09:15:48.022600', 'ORD-13933', 1655.19);
INSERT INTO orders (id, supplier_id, product_id, quantity, status, created_at, updated_at, order_number, total) VALUES ('5f01d233-5df1-4157-a624-3aea97b0a42d', 'sup-1', 'prod-16', 3, 'shipped', '2024-11-12T09:15:48.022600', '2024-11-22T09:15:48.022600', 'ORD-20897', 1734.66);
INSERT INTO orders (id, supplier_id, product_id, quantity, status, created_at, updated_at, order_number, total) VALUES ('ca100b39-8f3a-4d26-a917-a42da213c805', 'sup-9', 'prod-4', 1, 'cancelled', '2024-11-22T09:15:48.022600', '2024-11-30T09:15:48.022600', 'ORD-36475', 1711.75);
INSERT INTO orders (id, supplier_id, product_id, quantity, status, created_at, updated_at, order_number, total) VALUES ('5cd4d946-f30a-4e9c-9c9e-2b33c768ee00', 'sup-9', 'prod-4', 5, 'completed', '2024-12-16T09:15:48.022600', '2024-12-19T09:15:48.022600', 'ORD-54317', 956.64);
INSERT INTO orders (id, supplier_id, product_id, quantity, status, created_at, updated_at, order_number, total) VALUES ('e3e61f99-e844-4137-a881-d5e511b04dbe', 'sup-4', 'prod-7', 5, 'pending', '2024-12-09T09:15:48.022600', '2024-12-17T09:15:48.022600', 'ORD-91809', 762.48);
INSERT INTO orders (id, supplier_id, product_id, quantity, status, created_at, updated_at, order_number, total) VALUES ('24726ecf-9770-42c7-9836-0efb036e5c3b', 'sup-0', 'prod-12', 5, 'cancelled', '2024-12-22T09:15:48.022600', '2024-12-31T09:15:48.022600', 'ORD-26623', 1375.02);
INSERT INTO orders (id, supplier_id, product_id, quantity, status, created_at, updated_at, order_number, total) VALUES ('d18ed840-5fc3-4994-8d5c-b57114ec4f50', 'sup-0', 'prod-15', 4, 'cancelled', '2024-12-22T09:15:48.022600', '2024-12-30T09:15:48.022600', 'ORD-64441', 845.02);
INSERT INTO orders (id, supplier_id, product_id, quantity, status, created_at, updated_at, order_number, total) VALUES ('5a74b97d-4f81-45f3-bda1-c0927f4fc0c6', 'sup-5', 'prod-3', 1, 'pending', '2024-12-18T09:15:48.022600', '2024-12-27T09:15:48.022600', 'ORD-71137', 1779.07);
INSERT INTO orders (id, supplier_id, product_id, quantity, status, created_at, updated_at, order_number, total) VALUES ('e5864478-b489-4152-a178-33a3eea0686b', 'sup-1', 'prod-8', 4, 'completed', '2024-12-16T09:15:48.022600', '2024-12-20T09:15:48.022600', 'ORD-65869', 831.7);
INSERT INTO orders (id, supplier_id, product_id, quantity, status, created_at, updated_at, order_number, total) VALUES ('f9dfaeb5-7c6e-4dd2-b223-039cad310ea3', 'sup-5', 'prod-9', 5, 'cancelled', '2024-12-10T09:15:48.022600', '2024-12-16T09:15:48.022600', 'ORD-23860', 662.63);
INSERT INTO orders (id, supplier_id, product_id, quantity, status, created_at, updated_at, order_number, total) VALUES ('930328b2-bc15-437a-bfe1-8312da4b77d0', 'sup-1', 'prod-8', 1, 'shipped', '2024-12-29T09:15:48.022600', '2025-01-06T09:15:48.022600', 'ORD-33466', 790.64);
INSERT INTO orders (id, supplier_id, product_id, quantity, status, created_at, updated_at, order_number, total) VALUES ('df843d7e-fa43-48d0-89d0-8ece5286328c', 'sup-1', 'prod-16', 1, 'shipped', '2024-12-11T09:15:48.022600', '2024-12-16T09:15:48.022600', 'ORD-22918', 1714.84);
INSERT INTO orders (id, supplier_id, product_id, quantity, status, created_at, updated_at, order_number, total) VALUES ('b5862da7-dfb6-4edc-ad75-e42b500869dd', 'sup-1', 'prod-14', 3, 'shipped', '2024-12-20T09:15:48.022600', '2024-12-27T09:15:48.022600', 'ORD-71673', 962.43);
INSERT INTO orders (id, supplier_id, product_id, quantity, status, created_at, updated_at, order_number, total) VALUES ('f1a50702-2f91-4b12-a051-eea34cde3f7d', 'sup-4', 'prod-0', 2, 'processing', '2024-12-17T09:15:48.022600', '2024-12-19T09:15:48.022600', 'ORD-66059', 154.12);
INSERT INTO orders (id, supplier_id, product_id, quantity, status, created_at, updated_at, order_number, total) VALUES ('81265672-4f4e-4eb3-a789-c750ceb6e4f2', 'sup-3', 'prod-17', 1, 'shipped', '2024-12-13T09:15:48.022600', '2024-12-19T09:15:48.022600', 'ORD-80890', 1668.14);
INSERT INTO orders (id, supplier_id, product_id, quantity, status, created_at, updated_at, order_number, total) VALUES ('08ae2b53-cb91-4ccb-98b0-e072dd39ba92', 'sup-4', 'prod-7', 4, 'processing', '2024-12-06T09:15:48.022600', '2024-12-07T09:15:48.022600', 'ORD-94552', 822.26);
INSERT INTO orders (id, supplier_id, product_id, quantity, status, created_at, updated_at, order_number, total) VALUES ('8e6f94bb-6961-488f-8eaf-e176d544c10a', 'sup-4', 'prod-0', 2, 'shipped', '2024-12-15T09:15:48.022600', '2024-12-16T09:15:48.022600', 'ORD-44335', 1709.2);
INSERT INTO orders (id, supplier_id, product_id, quantity, status, created_at, updated_at, order_number, total) VALUES ('4d5cbb34-50f2-4e71-b26d-9d48788714fb', 'sup-4', 'prod-7', 5, 'cancelled', '2024-12-19T09:15:48.022600', '2024-12-25T09:15:48.022600', 'ORD-92379', 1530.28);
INSERT INTO orders (id, supplier_id, product_id, quantity, status, created_at, updated_at, order_number, total) VALUES ('4997981e-9c0c-4131-aa7b-57d5c5d5b4ae', 'sup-8', 'prod-18', 1, 'pending', '2024-12-27T09:15:48.022600', '2025-01-06T09:15:48.022600', 'ORD-79591', 1570.53);
INSERT INTO orders (id, supplier_id, product_id, quantity, status, created_at, updated_at, order_number, total) VALUES ('60501f34-e721-4092-ae4b-37c7ab2911c0', 'sup-3', 'prod-17', 1, 'cancelled', '2024-12-27T09:15:48.022600', '2024-12-31T09:15:48.022600', 'ORD-51131', 1533.51);
INSERT INTO orders (id, supplier_id, product_id, quantity, status, created_at, updated_at, order_number, total) VALUES ('729abf87-f050-4c7b-b79c-cba22bc3ecd6', 'sup-0', 'prod-10', 4, 'completed', '2024-12-19T09:15:48.022600', '2024-12-24T09:15:48.022600', 'ORD-31580', 1872.61);
INSERT INTO orders (id, supplier_id, product_id, quantity, status, created_at, updated_at, order_number, total) VALUES ('b0c011d9-c0e2-411b-9ea5-14a85fdd17a9', 'sup-1', 'prod-13', 1, 'pending', '2024-12-21T09:15:48.022600', '2024-12-30T09:15:48.022600', 'ORD-16168', 1725.52);
INSERT INTO orders (id, supplier_id, product_id, quantity, status, created_at, updated_at, order_number, total) VALUES ('db71bd06-ffbe-4086-9173-ec0cee4616d6', 'sup-9', 'prod-4', 4, 'cancelled', '2024-12-10T09:15:48.022600', '2024-12-16T09:15:48.022600', 'ORD-37346', 1572.33);
INSERT INTO orders (id, supplier_id, product_id, quantity, status, created_at, updated_at, order_number, total) VALUES ('57a5bed7-e798-4974-b071-1684f33f6996', 'sup-4', 'prod-19', 1, 'completed', '2024-12-21T09:15:48.022600', '2024-12-23T09:15:48.022600', 'ORD-79506', 1699.05);
INSERT INTO orders (id, supplier_id, product_id, quantity, status, created_at, updated_at, order_number, total) VALUES ('8fd5a1a8-e8c7-42ab-969e-a92cb718a5ad', 'sup-9', 'prod-4', 4, 'pending', '2024-12-16T09:15:48.022600', '2024-12-19T09:15:48.022600', 'ORD-19927', 642.04);
INSERT INTO orders (id, supplier_id, product_id, quantity, status, created_at, updated_at, order_number, total) VALUES ('c56f5c79-1e51-49db-acc0-569bb60ebb3c', 'sup-4', 'prod-0', 3, 'completed', '2024-12-25T09:15:48.022600', '2025-01-01T09:15:48.022600', 'ORD-72952', 196.31);
INSERT INTO orders (id, supplier_id, product_id, quantity, status, created_at, updated_at, order_number, total) VALUES ('be1d1e3d-2fa2-4689-adb6-b822c9d0af2d', 'sup-0', 'prod-15', 4, 'pending', '2024-12-13T09:15:48.022600', '2024-12-21T09:15:48.022600', 'ORD-83721', 491.03);
INSERT INTO orders (id, supplier_id, product_id, quantity, status, created_at, updated_at, order_number, total) VALUES ('4b7d7305-6eb9-474b-8b58-49d7fb65a22a', 'sup-3', 'prod-17', 1, 'completed', '2024-12-18T09:15:48.022600', '2024-12-21T09:15:48.022600', 'ORD-89006', 1920.63);
INSERT INTO orders (id, supplier_id, product_id, quantity, status, created_at, updated_at, order_number, total) VALUES ('66225579-ddf9-432e-9c66-7dad65afd579', 'sup-5', 'prod-1', 4, 'processing', '2024-12-07T09:15:48.022600', '2024-12-09T09:15:48.022600', 'ORD-77879', 1909.25);
INSERT INTO orders (id, supplier_id, product_id, quantity, status, created_at, updated_at, order_number, total) VALUES ('a9fb38a6-365a-4bb9-b629-793a3da3f13d', 'sup-3', 'prod-17', 2, 'shipped', '2024-12-20T09:15:48.022600', '2024-12-22T09:15:48.022600', 'ORD-17074', 181.25);
INSERT INTO orders (id, supplier_id, product_id, quantity, status, created_at, updated_at, order_number, total) VALUES ('f3f0bee5-4362-4980-8cde-1bf1af59c04d', 'sup-9', 'prod-11', 5, 'shipped', '2024-12-27T09:15:48.022600', '2025-01-05T09:15:48.022600', 'ORD-72080', 921.46);
INSERT INTO orders (id, supplier_id, product_id, quantity, status, created_at, updated_at, order_number, total) VALUES ('0c1fab8f-7545-4893-a87a-9a62d8999c77', 'sup-1', 'prod-8', 5, 'pending', '2024-12-23T09:15:48.022600', '2024-12-31T09:15:48.022600', 'ORD-49533', 1943.01);
INSERT INTO orders (id, supplier_id, product_id, quantity, status, created_at, updated_at, order_number, total) VALUES ('ba72d3d4-844e-4d96-bbbe-cce2108430a7', 'sup-4', 'prod-19', 3, 'shipped', '2024-12-08T09:15:48.022600', '2024-12-09T09:15:48.022600', 'ORD-63704', 1629.84);
INSERT INTO orders (id, supplier_id, product_id, quantity, status, created_at, updated_at, order_number, total) VALUES ('e188e7f2-4908-4206-8939-7f66372d2d21', 'sup-9', 'prod-11', 2, 'cancelled', '2025-01-21T09:15:48.022600', '2025-01-26T09:15:48.022600', 'ORD-75839', 1365.85);
INSERT INTO orders (id, supplier_id, product_id, quantity, status, created_at, updated_at, order_number, total) VALUES ('c391a100-3faf-4c11-95c3-28124b687ec1', 'sup-5', 'prod-9', 3, 'pending', '2025-01-30T09:15:48.022600', '2025-02-09T09:15:48.022600', 'ORD-93374', 1249.99);
INSERT INTO orders (id, supplier_id, product_id, quantity, status, created_at, updated_at, order_number, total) VALUES ('83a5b9ff-1b90-48a2-9f3d-c049fcda1e33', 'sup-4', 'prod-19', 2, 'cancelled', '2025-01-04T09:15:48.022600', '2025-01-07T09:15:48.022600', 'ORD-47037', 228.87);
INSERT INTO orders (id, supplier_id, product_id, quantity, status, created_at, updated_at, order_number, total) VALUES ('4cbc9ffd-737d-4750-b118-177126570aab', 'sup-1', 'prod-13', 1, 'pending', '2025-01-04T09:15:48.022600', '2025-01-07T09:15:48.022600', 'ORD-89217', 842.2);
INSERT INTO orders (id, supplier_id, product_id, quantity, status, created_at, updated_at, order_number, total) VALUES ('741aba70-4682-4aa1-b4fe-ecacb55da010', 'sup-0', 'prod-12', 4, 'completed', '2025-01-15T09:15:48.022600', '2025-01-24T09:15:48.022600', 'ORD-21981', 562.69);
INSERT INTO orders (id, supplier_id, product_id, quantity, status, created_at, updated_at, order_number, total) VALUES ('4d63d8e5-cf8d-4af6-99c4-0cc9c655400d', 'sup-5', 'prod-3', 5, 'shipped', '2025-01-30T09:15:48.022600', '2025-02-06T09:15:48.022600', 'ORD-43764', 1783.37);
INSERT INTO orders (id, supplier_id, product_id, quantity, status, created_at, updated_at, order_number, total) VALUES ('1ba2bd32-54f2-44e4-b938-0f83285adb1f', 'sup-1', 'prod-16', 2, 'shipped', '2025-01-23T09:15:48.022600', '2025-01-25T09:15:48.022600', 'ORD-27910', 1549.05);
INSERT INTO orders (id, supplier_id, product_id, quantity, status, created_at, updated_at, order_number, total) VALUES ('6a42d035-51c4-4124-bd3f-fa7b85cc10e3', 'sup-9', 'prod-4', 5, 'pending', '2025-01-12T09:15:48.022600', '2025-01-13T09:15:48.022600', 'ORD-56491', 1755.59);
INSERT INTO orders (id, supplier_id, product_id, quantity, status, created_at, updated_at, order_number, total) VALUES ('2c3d4f74-9f98-4dbd-a20f-ff6794abf1c0', 'sup-4', 'prod-0', 1, 'shipped', '2025-01-24T09:15:48.022600', '2025-02-01T09:15:48.022600', 'ORD-87515', 699.95);
INSERT INTO orders (id, supplier_id, product_id, quantity, status, created_at, updated_at, order_number, total) VALUES ('8c4100e5-8678-43b1-9604-699e3758d1f9', 'sup-4', 'prod-0', 5, 'completed', '2025-01-21T09:15:48.022600', '2025-01-31T09:15:48.022600', 'ORD-76773', 149.88);
INSERT INTO orders (id, supplier_id, product_id, quantity, status, created_at, updated_at, order_number, total) VALUES ('c1626e5a-f641-4f62-8fe8-d534e1e08c9c', 'sup-0', 'prod-10', 2, 'processing', '2025-02-01T09:15:48.022600', '2025-02-11T09:15:48.022600', 'ORD-55137', 1859.88);
INSERT INTO orders (id, supplier_id, product_id, quantity, status, created_at, updated_at, order_number, total) VALUES ('19cc4e6c-2b2e-4554-b1b4-8e3f12c53a3f', 'sup-1', 'prod-13', 5, 'processing', '2025-01-15T09:15:48.022600', '2025-01-19T09:15:48.022600', 'ORD-46638', 1372.15);
INSERT INTO orders (id, supplier_id, product_id, quantity, status, created_at, updated_at, order_number, total) VALUES ('27ae04c2-e86d-4eac-aa3d-1ed382e67507', 'sup-5', 'prod-9', 5, 'pending', '2025-01-06T09:15:48.022600', '2025-01-07T09:15:48.022600', 'ORD-21552', 954.8);
INSERT INTO orders (id, supplier_id, product_id, quantity, status, created_at, updated_at, order_number, total) VALUES ('9bc56d91-53d9-4c58-9ecf-20fcb0af269f', 'sup-4', 'prod-7', 1, 'cancelled', '2025-01-09T09:15:48.022600', '2025-01-10T09:15:48.022600', 'ORD-58667', 1238.84);
INSERT INTO orders (id, supplier_id, product_id, quantity, status, created_at, updated_at, order_number, total) VALUES ('4f75d411-85c2-410a-ba76-722854c308d2', 'sup-5', 'prod-1', 5, 'pending', '2025-01-16T09:15:48.022600', '2025-01-23T09:15:48.022600', 'ORD-51284', 1161.43);
INSERT INTO orders (id, supplier_id, product_id, quantity, status, created_at, updated_at, order_number, total) VALUES ('09a838c3-62e2-44fb-b242-de6605896428', 'sup-0', 'prod-15', 5, 'completed', '2025-01-25T09:15:48.022600', '2025-02-04T09:15:48.022600', 'ORD-53265', 402.07);
INSERT INTO orders (id, supplier_id, product_id, quantity, status, created_at, updated_at, order_number, total) VALUES ('e11233be-7e06-4e38-ada0-c4a8acd62df4', 'sup-3', 'prod-17', 3, 'shipped', '2025-01-18T09:15:48.022600', '2025-01-21T09:15:48.022600', 'ORD-35840', 262.58);
INSERT INTO orders (id, supplier_id, product_id, quantity, status, created_at, updated_at, order_number, total) VALUES ('58416b85-5453-4f60-82b9-00ded7f1b5ad', 'sup-0', 'prod-15', 3, 'pending', '2025-01-13T09:15:48.022600', '2025-01-17T09:15:48.022600', 'ORD-78991', 747.9);
INSERT INTO orders (id, supplier_id, product_id, quantity, status, created_at, updated_at, order_number, total) VALUES ('9f7cd6ad-d7c5-4309-bfd8-668ff4e6fc6b', 'sup-1', 'prod-8', 5, 'pending', '2025-01-22T09:15:48.022600', '2025-01-29T09:15:48.022600', 'ORD-60562', 727.6);
INSERT INTO orders (id, supplier_id, product_id, quantity, status, created_at, updated_at, order_number, total) VALUES ('58b1f2ef-9394-43ac-adb3-d67fcec751b5', 'sup-5', 'prod-1', 2, 'pending', '2025-01-19T09:15:48.022600', '2025-01-24T09:15:48.022600', 'ORD-18175', 383.37);
INSERT INTO orders (id, supplier_id, product_id, quantity, status, created_at, updated_at, order_number, total) VALUES ('dab8d539-d10b-4226-b9aa-3dd355071775', 'sup-0', 'prod-2', 2, 'shipped', '2025-01-15T09:15:48.022600', '2025-01-16T09:15:48.022600', 'ORD-64719', 1273.72);
INSERT INTO orders (id, supplier_id, product_id, quantity, status, created_at, updated_at, order_number, total) VALUES ('b16be734-3280-49df-b6a7-e9f893e43d27', 'sup-4', 'prod-7', 2, 'processing', '2025-01-26T09:15:48.022600', '2025-02-01T09:15:48.022600', 'ORD-65544', 1407.62);
INSERT INTO orders (id, supplier_id, product_id, quantity, status, created_at, updated_at, order_number, total) VALUES ('8cd7dc80-255d-41c9-96f1-2076539eb5d0', 'sup-1', 'prod-16', 3, 'completed', '2025-01-16T09:15:48.022600', '2025-01-24T09:15:48.022600', 'ORD-31519', 1125.74);
INSERT INTO orders (id, supplier_id, product_id, quantity, status, created_at, updated_at, order_number, total) VALUES ('efb60549-8f1e-45d3-a3cc-ec7de961d423', 'sup-5', 'prod-3', 5, 'cancelled', '2025-02-02T09:15:48.022600', '2025-02-11T09:15:48.022600', 'ORD-65808', 1113.03);
INSERT INTO orders (id, supplier_id, product_id, quantity, status, created_at, updated_at, order_number, total) VALUES ('d4ff9f84-e754-497e-99c4-9f21d5492739', 'sup-5', 'prod-3', 3, 'pending', '2025-01-05T09:15:48.022600', '2025-01-14T09:15:48.022600', 'ORD-51172', 809.63);
INSERT INTO orders (id, supplier_id, product_id, quantity, status, created_at, updated_at, order_number, total) VALUES ('30ff5f2c-9305-4670-b687-3825fdc8bd3c', 'sup-0', 'prod-2', 2, 'shipped', '2025-01-19T09:15:48.022600', '2025-01-24T09:15:48.022600', 'ORD-49579', 1514.28);
INSERT INTO orders (id, supplier_id, product_id, quantity, status, created_at, updated_at, order_number, total) VALUES ('b41c24ea-6374-46b6-b26f-ce14d1adca3b', 'sup-3', 'prod-5', 4, 'cancelled', '2025-01-04T09:15:48.022600', '2025-01-10T09:15:48.022600', 'ORD-57593', 1480.93);
INSERT INTO orders (id, supplier_id, product_id, quantity, status, created_at, updated_at, order_number, total) VALUES ('441bd057-4b51-45c2-b076-f62ebf077bf2', 'sup-9', 'prod-11', 3, 'processing', '2025-01-11T09:15:48.022600', '2025-01-21T09:15:48.022600', 'ORD-70594', 1630.37);
INSERT INTO orders (id, supplier_id, product_id, quantity, status, created_at, updated_at, order_number, total) VALUES ('14d9cbc7-9f3a-4bb3-8021-890b709a618b', 'sup-0', 'prod-2', 3, 'shipped', '2025-01-14T09:15:48.022600', '2025-01-16T09:15:48.022600', 'ORD-79711', 1582.57);
INSERT INTO orders (id, supplier_id, product_id, quantity, status, created_at, updated_at, order_number, total) VALUES ('d2241fb8-8d69-4514-855d-dc39dcff19c1', 'sup-5', 'prod-3', 1, 'shipped', '2025-01-29T09:15:48.022600', '2025-02-03T09:15:48.022600', 'ORD-69197', 108.41);
INSERT INTO orders (id, supplier_id, product_id, quantity, status, created_at, updated_at, order_number, total) VALUES ('6157f1ab-345c-4b95-859f-69e3cfa26a7b', 'sup-3', 'prod-17', 3, 'pending', '2025-02-23T09:15:48.022600', '2025-02-25T09:15:48.022600', 'ORD-20070', 172.45);
INSERT INTO orders (id, supplier_id, product_id, quantity, status, created_at, updated_at, order_number, total) VALUES ('d11ad907-f8ae-47c4-aabb-0f9acde1d1fb', 'sup-0', 'prod-2', 1, 'cancelled', '2025-03-02T09:15:48.022600', '2025-03-05T09:15:48.022600', 'ORD-31921', 1676.48);
INSERT INTO orders (id, supplier_id, product_id, quantity, status, created_at, updated_at, order_number, total) VALUES ('18a56155-649e-4fc2-b9f9-479071262ea2', 'sup-9', 'prod-4', 5, 'shipped', '2025-02-07T09:15:48.022600', '2025-02-17T09:15:48.022600', 'ORD-78640', 203.53);
INSERT INTO orders (id, supplier_id, product_id, quantity, status, created_at, updated_at, order_number, total) VALUES ('18bbf389-414c-4b10-a3c7-11b94fa83bf9', 'sup-4', 'prod-7', 3, 'processing', '2025-02-24T09:15:48.022600', '2025-03-01T09:15:48.022600', 'ORD-75395', 759.33);
INSERT INTO orders (id, supplier_id, product_id, quantity, status, created_at, updated_at, order_number, total) VALUES ('2cc14f88-6a13-4145-a028-529154e0b4da', 'sup-1', 'prod-13', 4, 'shipped', '2025-02-10T09:15:48.022600', '2025-02-16T09:15:48.022600', 'ORD-32658', 699.88);
INSERT INTO orders (id, supplier_id, product_id, quantity, status, created_at, updated_at, order_number, total) VALUES ('fd01fc80-6cf2-423e-afd8-0f6de1bb18af', 'sup-0', 'prod-10', 1, 'processing', '2025-03-01T09:15:48.022600', '2025-03-04T09:15:48.022600', 'ORD-82626', 1940.53);
INSERT INTO orders (id, supplier_id, product_id, quantity, status, created_at, updated_at, order_number, total) VALUES ('2e60eb0a-5fc5-4aca-988c-d78702f946aa', 'sup-5', 'prod-3', 4, 'pending', '2025-02-15T09:15:48.022600', '2025-02-25T09:15:48.022600', 'ORD-48145', 789.22);
INSERT INTO orders (id, supplier_id, product_id, quantity, status, created_at, updated_at, order_number, total) VALUES ('ac623f34-a592-4eaf-9a27-10a4e8322968', 'sup-1', 'prod-8', 1, 'shipped', '2025-03-04T09:15:48.022600', '2025-03-07T09:15:48.022600', 'ORD-81869', 1602.11);
INSERT INTO orders (id, supplier_id, product_id, quantity, status, created_at, updated_at, order_number, total) VALUES ('923621b3-c4e4-41e8-87cf-ed417029b277', 'sup-5', 'prod-3', 4, 'completed', '2025-02-26T09:15:48.022600', '2025-03-05T09:15:48.022600', 'ORD-55292', 1268.05);
INSERT INTO orders (id, supplier_id, product_id, quantity, status, created_at, updated_at, order_number, total) VALUES ('7ec729ec-680c-4a0f-95a5-e21b634ace1c', 'sup-5', 'prod-3', 4, 'completed', '2025-02-16T09:15:48.022600', '2025-02-21T09:15:48.022600', 'ORD-68132', 840.77);
INSERT INTO orders (id, supplier_id, product_id, quantity, status, created_at, updated_at, order_number, total) VALUES ('5bad3f32-28c6-4f18-9285-44890de637fd', 'sup-1', 'prod-8', 2, 'shipped', '2025-02-21T09:15:48.022600', '2025-02-26T09:15:48.022600', 'ORD-84287', 1230.92);
INSERT INTO orders (id, supplier_id, product_id, quantity, status, created_at, updated_at, order_number, total) VALUES ('54fc16aa-7fc3-4b88-9447-c857e2ea6d20', 'sup-0', 'prod-12', 3, 'completed', '2025-02-27T09:15:48.022600', '2025-03-03T09:15:48.022600', 'ORD-25463', 246.6);
INSERT INTO orders (id, supplier_id, product_id, quantity, status, created_at, updated_at, order_number, total) VALUES ('ce18f35a-855b-4201-85c8-89bb8a2c407b', 'sup-6', 'prod-6', 2, 'pending', '2025-02-14T09:15:48.022600', '2025-02-16T09:15:48.022600', 'ORD-40975', 1121.43);
INSERT INTO orders (id, supplier_id, product_id, quantity, status, created_at, updated_at, order_number, total) VALUES ('e649f77c-9b49-49d2-a429-f4ac08f78e74', 'sup-1', 'prod-16', 1, 'processing', '2025-02-03T09:15:48.022600', '2025-02-08T09:15:48.022600', 'ORD-87116', 1250.17);
INSERT INTO orders (id, supplier_id, product_id, quantity, status, created_at, updated_at, order_number, total) VALUES ('5e104f70-26e1-43f7-884b-0dbdc308e330', 'sup-5', 'prod-9', 5, 'shipped', '2025-02-27T09:15:48.022600', '2025-03-01T09:15:48.022600', 'ORD-77291', 478.22);
INSERT INTO orders (id, supplier_id, product_id, quantity, status, created_at, updated_at, order_number, total) VALUES ('021b7556-74d5-45d0-a72a-cce9269e7698', 'sup-1', 'prod-14', 5, 'completed', '2025-02-24T09:15:48.022600', '2025-03-01T09:15:48.022600', 'ORD-43418', 1796.53);
INSERT INTO orders (id, supplier_id, product_id, quantity, status, created_at, updated_at, order_number, total) VALUES ('f1997d0b-9116-4a1b-b708-698a5d9e5695', 'sup-9', 'prod-11', 5, 'processing', '2025-02-23T09:15:48.022600', '2025-03-02T09:15:48.022600', 'ORD-84731', 745.38);
INSERT INTO orders (id, supplier_id, product_id, quantity, status, created_at, updated_at, order_number, total) VALUES ('d16dc99b-72e3-43fc-a6e8-10deb7229246', 'sup-4', 'prod-0', 2, 'pending', '2025-02-11T09:15:48.022600', '2025-02-20T09:15:48.022600', 'ORD-86270', 1207.82);
INSERT INTO orders (id, supplier_id, product_id, quantity, status, created_at, updated_at, order_number, total) VALUES ('ecfc6063-d17b-42f8-adec-21e5f2607559', 'sup-1', 'prod-14', 2, 'cancelled', '2025-02-27T09:15:48.022600', '2025-03-05T09:15:48.022600', 'ORD-49807', 1694.81);
INSERT INTO orders (id, supplier_id, product_id, quantity, status, created_at, updated_at, order_number, total) VALUES ('9d3bd117-3131-4cc7-ac5a-2608758f047c', 'sup-5', 'prod-3', 1, 'processing', '2025-02-12T09:15:48.022600', '2025-02-17T09:15:48.022600', 'ORD-57574', 325.28);
INSERT INTO orders (id, supplier_id, product_id, quantity, status, created_at, updated_at, order_number, total) VALUES ('e51c92c2-e71b-492e-a51b-0dccc971dd84', 'sup-4', 'prod-7', 5, 'processing', '2025-02-16T09:15:48.022600', '2025-02-18T09:15:48.022600', 'ORD-64429', 782.03);
INSERT INTO orders (id, supplier_id, product_id, quantity, status, created_at, updated_at, order_number, total) VALUES ('dfe36743-0ce1-46cb-a978-9ce0a541c734', 'sup-9', 'prod-4', 5, 'pending', '2025-02-10T09:15:48.022600', '2025-02-19T09:15:48.022600', 'ORD-55297', 1411.71);
INSERT INTO orders (id, supplier_id, product_id, quantity, status, created_at, updated_at, order_number, total) VALUES ('c5906154-05fe-46ec-8816-d6e4f1d17950', 'sup-0', 'prod-2', 5, 'processing', '2025-02-27T09:15:48.022600', '2025-03-09T09:15:48.022600', 'ORD-17782', 1407.9);
INSERT INTO orders (id, supplier_id, product_id, quantity, status, created_at, updated_at, order_number, total) VALUES ('364ea9be-9b67-4077-8c54-05e0a42a7692', 'sup-0', 'prod-2', 4, 'pending', '2025-03-01T09:15:48.022600', '2025-03-10T09:15:48.022600', 'ORD-30371', 697.9);
INSERT INTO orders (id, supplier_id, product_id, quantity, status, created_at, updated_at, order_number, total) VALUES ('cfedd93e-2763-4c6e-8ef0-ead8f410f437', 'sup-5', 'prod-3', 3, 'pending', '2025-02-09T09:15:48.022600', '2025-02-12T09:15:48.022600', 'ORD-39224', 1582.92);
INSERT INTO orders (id, supplier_id, product_id, quantity, status, created_at, updated_at, order_number, total) VALUES ('205abf4b-b551-4636-95fa-86355a7ccd8c', 'sup-4', 'prod-19', 1, 'completed', '2025-02-15T09:15:48.022600', '2025-02-25T09:15:48.022600', 'ORD-73847', 1230.79);
INSERT INTO orders (id, supplier_id, product_id, quantity, status, created_at, updated_at, order_number, total) VALUES ('3b89514e-c1ce-4dda-bd65-5b8489a9edf0', 'sup-0', 'prod-15', 1, 'processing', '2025-02-09T09:15:48.022600', '2025-02-13T09:15:48.022600', 'ORD-18331', 309.85);
INSERT INTO orders (id, supplier_id, product_id, quantity, status, created_at, updated_at, order_number, total) VALUES ('d88c5b68-288d-418e-b975-9568cbb05872', 'sup-4', 'prod-7', 5, 'completed', '2025-02-13T09:15:48.022600', '2025-02-14T09:15:48.022600', 'ORD-73750', 356.53);
INSERT INTO orders (id, supplier_id, product_id, quantity, status, created_at, updated_at, order_number, total) VALUES ('1161e05d-da1e-450b-8e2b-27ce2c473abf', 'sup-5', 'prod-3', 4, 'processing', '2025-02-19T09:15:48.022600', '2025-02-24T09:15:48.022600', 'ORD-63610', 1949.62);
INSERT INTO orders (id, supplier_id, product_id, quantity, status, created_at, updated_at, order_number, total) VALUES ('72e3ebbb-fc2b-48f3-8981-581eecc4d995', 'sup-3', 'prod-17', 5, 'completed', '2025-02-28T09:15:48.022600', '2025-03-05T09:15:48.022600', 'ORD-81998', 101.75);
INSERT INTO orders (id, supplier_id, product_id, quantity, status, created_at, updated_at, order_number, total) VALUES ('254f647a-ca14-4370-837f-654c25e4fdb6', 'sup-9', 'prod-4', 5, 'completed', '2025-03-11T09:15:48.022600', '2025-03-20T09:15:48.022600', 'ORD-93110', 1297.84);
INSERT INTO orders (id, supplier_id, product_id, quantity, status, created_at, updated_at, order_number, total) VALUES ('f99039bb-6efe-4b73-b6d7-14e6fd51adb4', 'sup-0', 'prod-2', 2, 'cancelled', '2025-04-03T09:15:48.022600', '2025-04-07T09:15:48.022600', 'ORD-82549', 1018.52);
INSERT INTO orders (id, supplier_id, product_id, quantity, status, created_at, updated_at, order_number, total) VALUES ('08494371-5d11-4f38-be94-af38e70cc95f', 'sup-5', 'prod-1', 4, 'completed', '2025-03-23T09:15:48.022600', '2025-03-30T09:15:48.022600', 'ORD-43870', 224.33);
INSERT INTO orders (id, supplier_id, product_id, quantity, status, created_at, updated_at, order_number, total) VALUES ('0b2480ce-aeec-4dfc-9edb-3446f19b23f7', 'sup-9', 'prod-4', 1, 'completed', '2025-04-03T09:15:48.022600', '2025-04-05T09:15:48.022600', 'ORD-90816', 672.49);
INSERT INTO orders (id, supplier_id, product_id, quantity, status, created_at, updated_at, order_number, total) VALUES ('6bcf30aa-0d09-451a-afc7-9c7cfea129a6', 'sup-5', 'prod-9', 2, 'pending', '2025-03-16T09:15:48.022600', '2025-03-23T09:15:48.022600', 'ORD-13867', 790.5);
INSERT INTO orders (id, supplier_id, product_id, quantity, status, created_at, updated_at, order_number, total) VALUES ('6fbabfcf-3360-4abe-be15-1b425c8e0833', 'sup-1', 'prod-16', 2, 'pending', '2025-03-20T09:15:48.022600', '2025-03-27T09:15:48.022600', 'ORD-28978', 1173.42);
INSERT INTO orders (id, supplier_id, product_id, quantity, status, created_at, updated_at, order_number, total) VALUES ('d435dbc2-9194-4e4e-a1e7-718a333bc45b', 'sup-0', 'prod-2', 3, 'shipped', '2025-03-18T09:15:48.022600', '2025-03-22T09:15:48.022600', 'ORD-34946', 1596.26);
INSERT INTO orders (id, supplier_id, product_id, quantity, status, created_at, updated_at, order_number, total) VALUES ('060d3cee-51f3-4085-8aeb-0f9044283800', 'sup-5', 'prod-3', 1, 'cancelled', '2025-03-09T09:15:48.022600', '2025-03-11T09:15:48.022600', 'ORD-27010', 896.88);
INSERT INTO orders (id, supplier_id, product_id, quantity, status, created_at, updated_at, order_number, total) VALUES ('33894b3a-16e1-4834-9317-37366446ddf2', 'sup-5', 'prod-9', 5, 'processing', '2025-03-16T09:15:48.022600', '2025-03-23T09:15:48.022600', 'ORD-46354', 1970.53);
INSERT INTO orders (id, supplier_id, product_id, quantity, status, created_at, updated_at, order_number, total) VALUES ('c56e2e31-c724-4f2b-9349-4aa31bec3ea6', 'sup-0', 'prod-15', 3, 'shipped', '2025-03-08T09:15:48.022600', '2025-03-12T09:15:48.022600', 'ORD-18815', 1402.27);
INSERT INTO orders (id, supplier_id, product_id, quantity, status, created_at, updated_at, order_number, total) VALUES ('eea22b81-a5df-48dc-8bb9-ab3047d45523', 'sup-9', 'prod-4', 2, 'processing', '2025-03-06T09:15:48.022600', '2025-03-08T09:15:48.022600', 'ORD-28740', 146.42);
INSERT INTO orders (id, supplier_id, product_id, quantity, status, created_at, updated_at, order_number, total) VALUES ('b6354e1c-2a6a-4fa1-b694-12cb14ed0d4d', 'sup-5', 'prod-1', 1, 'pending', '2025-03-11T09:15:48.022600', '2025-03-18T09:15:48.022600', 'ORD-63964', 582.51);
INSERT INTO orders (id, supplier_id, product_id, quantity, status, created_at, updated_at, order_number, total) VALUES ('fb78112a-3e10-4ba1-9e06-bbe3573cb2ad', 'sup-1', 'prod-16', 5, 'pending', '2025-03-16T09:15:48.022600', '2025-03-21T09:15:48.022600', 'ORD-44242', 1303.65);
INSERT INTO orders (id, supplier_id, product_id, quantity, status, created_at, updated_at, order_number, total) VALUES ('f027691d-1998-40f8-be0e-920273c5168e', 'sup-4', 'prod-19', 1, 'shipped', '2025-03-23T09:15:48.022600', '2025-03-25T09:15:48.022600', 'ORD-24861', 1360.08);
INSERT INTO orders (id, supplier_id, product_id, quantity, status, created_at, updated_at, order_number, total) VALUES ('a98c7073-efa8-4d4a-9609-0065922c151a', 'sup-5', 'prod-3', 3, 'pending', '2025-03-23T09:15:48.022600', '2025-03-31T09:15:48.022600', 'ORD-94890', 447.57);
INSERT INTO orders (id, supplier_id, product_id, quantity, status, created_at, updated_at, order_number, total) VALUES ('f31183d5-b33a-433f-a461-ffc78ac5d5d1', 'sup-0', 'prod-10', 2, 'cancelled', '2025-03-14T09:15:48.022600', '2025-03-16T09:15:48.022600', 'ORD-94422', 713.97);
INSERT INTO orders (id, supplier_id, product_id, quantity, status, created_at, updated_at, order_number, total) VALUES ('0a357f16-267d-49a1-a791-0fb8f9524fa4', 'sup-4', 'prod-7', 2, 'cancelled', '2025-03-15T09:15:48.022600', '2025-03-21T09:15:48.022600', 'ORD-84560', 612.85);
INSERT INTO orders (id, supplier_id, product_id, quantity, status, created_at, updated_at, order_number, total) VALUES ('a717657b-c353-4198-8385-c5bbc5a25b97', 'sup-4', 'prod-7', 1, 'processing', '2025-03-10T09:15:48.022600', '2025-03-16T09:15:48.022600', 'ORD-84068', 376.3);
INSERT INTO orders (id, supplier_id, product_id, quantity, status, created_at, updated_at, order_number, total) VALUES ('3b41602c-0771-4565-b5bd-f6032fdf9089', 'sup-0', 'prod-15', 2, 'pending', '2025-03-11T09:15:48.022600', '2025-03-16T09:15:48.022600', 'ORD-84483', 1214.51);
INSERT INTO orders (id, supplier_id, product_id, quantity, status, created_at, updated_at, order_number, total) VALUES ('ae4917cd-8432-4b14-aa69-68e6a9921ab1', 'sup-5', 'prod-3', 2, 'processing', '2025-03-31T09:15:48.022600', '2025-04-09T09:15:48.022600', 'ORD-85727', 212.31);
INSERT INTO orders (id, supplier_id, product_id, quantity, status, created_at, updated_at, order_number, total) VALUES ('f4576477-184f-483b-9dd7-8dc03b1fc53c', 'sup-6', 'prod-6', 3, 'pending', '2025-03-20T09:15:48.022600', '2025-03-29T09:15:48.022600', 'ORD-93268', 1063.87);
INSERT INTO orders (id, supplier_id, product_id, quantity, status, created_at, updated_at, order_number, total) VALUES ('254646a8-275c-4229-9388-d47809cc1182', 'sup-0', 'prod-15', 3, 'cancelled', '2025-03-24T09:15:48.022600', '2025-04-01T09:15:48.022600', 'ORD-56202', 1173.93);
INSERT INTO orders (id, supplier_id, product_id, quantity, status, created_at, updated_at, order_number, total) VALUES ('0448903e-a09b-447f-bb7f-f2a48d74ace4', 'sup-0', 'prod-15', 3, 'pending', '2025-03-07T09:15:48.022600', '2025-03-11T09:15:48.022600', 'ORD-82662', 916.86);
INSERT INTO orders (id, supplier_id, product_id, quantity, status, created_at, updated_at, order_number, total) VALUES ('66c60f96-137b-499e-aeb3-f79354b719ef', 'sup-0', 'prod-15', 3, 'completed', '2025-03-05T09:15:48.022600', '2025-03-11T09:15:48.022600', 'ORD-77427', 1304.8);
INSERT INTO orders (id, supplier_id, product_id, quantity, status, created_at, updated_at, order_number, total) VALUES ('a43e4439-5c53-4ed6-b773-aa9564b85f15', 'sup-6', 'prod-6', 3, 'shipped', '2025-03-19T09:15:48.022600', '2025-03-24T09:15:48.022600', 'ORD-12973', 1062.83);
INSERT INTO orders (id, supplier_id, product_id, quantity, status, created_at, updated_at, order_number, total) VALUES ('61cfa63a-aa0c-4dfc-ae1c-7a4d22112f66', 'sup-8', 'prod-18', 3, 'pending', '2025-03-25T09:15:48.022600', '2025-04-04T09:15:48.022600', 'ORD-64065', 710.84);
INSERT INTO orders (id, supplier_id, product_id, quantity, status, created_at, updated_at, order_number, total) VALUES ('3c1ddcb9-f528-4658-a2a1-3387fc748315', 'sup-6', 'prod-6', 5, 'pending', '2025-03-31T09:15:48.022600', '2025-04-02T09:15:48.022600', 'ORD-48045', 1892.02);
INSERT INTO orders (id, supplier_id, product_id, quantity, status, created_at, updated_at, order_number, total) VALUES ('b1fc7709-4255-455f-a362-6a1cab8f04e2', 'sup-5', 'prod-3', 5, 'processing', '2025-03-17T09:15:48.022600', '2025-03-25T09:15:48.022600', 'ORD-97876', 1900.09);
INSERT INTO orders (id, supplier_id, product_id, quantity, status, created_at, updated_at, order_number, total) VALUES ('f8bf41cc-7d55-4083-8b79-ac1c8092ceb9', 'sup-8', 'prod-18', 2, 'shipped', '2025-03-06T09:15:48.022600', '2025-03-11T09:15:48.022600', 'ORD-70827', 1689.04);
INSERT INTO orders (id, supplier_id, product_id, quantity, status, created_at, updated_at, order_number, total) VALUES ('18d0d48c-7872-4c2d-b19e-62ce8750fae9', 'sup-1', 'prod-13', 1, 'completed', '2025-04-03T09:15:48.022600', '2025-04-11T09:15:48.022600', 'ORD-46542', 1052.29);

COMMIT;